BezirkNr,BezirkName,WbezirksName,Wahlbezirksart,Wahlbezirk,Bundestagswahlkreis,Wahlberechtigte,Waehler,Gueltig,Ungueltig,CDU,GR�NE,SPD,DIE LINKE,FDP,PIRATEN,Tierschutzpartei,REP,FAMILIE,FREIE W�HLER,�DP,DKP,Volksabstimmung,PBC,AUF,CM,PSG,BP,B�So,AfD,PRO NRW,MLPD,NPD,Die PARTEI
01,Mitte,01B1A,B,1A,75,0,963,957,6,201,174,225,136,76,41,13,1,1,3,3,1,1,0,0,0,1,1,0,60,1,0,4,14
01,Mitte,01B1B,B,1B,75,0,658,646,12,172,102,159,79,18,29,13,0,2,1,1,4,9,0,1,0,3,1,1,36,1,2,2,10
01,Mitte,01B1C,B,1C,75,0,906,904,2,139,280,219,100,57,28,7,0,0,1,8,2,1,0,0,2,0,0,0,39,0,0,5,16
01,Mitte,01B1D,B,1D,75,0,983,982,1,165,316,189,119,79,31,11,0,4,1,3,0,3,0,0,0,0,1,0,42,1,1,2,14
01,Mitte,01B1E,B,1E,75,0,962,958,4,195,256,199,124,68,20,7,0,0,4,2,2,2,0,3,0,0,0,0,57,0,0,0,19
01,Mitte,01B1F,B,1F,75,0,571,569,2,108,153,131,100,33,6,2,0,1,0,3,0,4,0,0,0,0,1,0,24,0,0,0,3
01,Mitte,01B2A,B,2A,75,0,1010,1009,1,190,219,218,200,64,27,4,0,4,2,2,7,2,0,0,4,0,0,0,49,0,1,2,14
01,Mitte,01B2B,B,2B,75,0,1327,1318,9,267,136,300,302,97,36,19,1,3,4,0,8,0,0,1,0,2,0,0,137,1,0,4,0
01,Mitte,01B2C,B,2C,75,0,1165,1155,10,191,98,252,411,39,15,12,2,2,4,1,12,2,1,0,0,0,0,1,95,1,0,7,9
01,Mitte,01B2D,B,2D,75,0,1044,1035,9,175,161,226,286,35,29,16,2,3,1,0,5,4,0,1,0,2,0,0,65,0,0,6,18
01,Mitte,01B2E,B,2E,75,0,961,950,11,145,72,178,378,9,12,9,5,2,2,2,10,2,3,0,1,0,0,2,94,0,2,11,11
01,Mitte,01B3A,B,3A,75,0,754,748,6,187,152,167,70,34,23,14,0,8,2,6,1,3,2,4,0,0,1,0,55,1,0,8,10
01,Mitte,01B3B,B,3B,75,0,976,969,7,236,189,231,108,54,20,15,1,4,5,3,1,3,0,0,0,0,0,1,78,1,0,4,15
01,Mitte,01B3C,B,3C,75,0,889,880,9,204,193,254,59,54,14,13,3,4,3,0,0,1,0,0,0,0,0,0,67,0,1,4,6
01,Mitte,01B3D,B,3D,75,0,1031,1004,27,177,287,280,98,38,18,17,2,1,4,2,1,4,0,1,1,1,0,0,61,0,0,4,7
01,Mitte,01B3E,B,3E,75,0,578,573,5,94,159,137,68,17,27,13,0,4,0,1,2,1,1,0,0,0,1,0,34,0,0,0,14
01,Mitte,01B3F,B,3F,75,0,808,805,3,149,227,227,77,27,21,9,5,0,3,2,2,0,0,0,0,0,4,0,47,1,0,2,2
01,Mitte,01B4A,B,4A,75,0,674,671,3,83,212,128,92,16,46,12,2,3,2,1,2,4,0,1,0,0,0,0,38,2,1,3,23
01,Mitte,01B4B,B,4B,75,0,590,586,4,79,187,128,75,22,34,8,0,0,0,3,3,2,0,0,0,1,0,1,31,1,0,2,9
01,Mitte,01B4C,B,4C,75,0,741,731,10,120,259,162,84,14,19,9,1,3,3,2,2,1,1,0,0,0,0,2,30,0,1,3,15
01,Mitte,01B4D,B,4D,75,0,474,470,4,78,138,115,50,15,18,8,3,1,3,1,1,3,1,0,0,0,0,1,25,1,1,1,6
01,Mitte,01B4E,B,4E,75,0,834,816,18,112,258,167,124,18,37,16,2,2,2,3,1,1,1,0,0,1,0,1,49,0,0,1,20
01,Mitte,01B4F,B,4F,75,0,714,707,7,85,242,153,93,18,29,12,3,2,0,4,2,2,0,0,0,0,0,0,34,1,5,7,15
01,Mitte,01B5A,B,5A,75,0,583,572,11,122,84,162,73,16,12,17,1,7,3,3,2,5,0,1,0,2,1,0,48,3,0,6,4
01,Mitte,01B5B,B,5B,75,0,725,717,8,146,142,197,92,19,43,8,3,3,3,1,2,2,0,0,0,0,0,0,42,2,2,1,9
01,Mitte,01B5C,B,5C,75,0,716,702,14,196,97,203,66,14,17,16,2,1,3,1,3,1,1,0,1,0,1,0,56,2,0,11,10
01,Mitte,01B5D,B,5D,75,0,457,455,2,131,65,130,51,5,11,7,0,5,2,0,1,0,0,1,0,2,0,0,32,0,0,6,6
01,Mitte,01B5E,B,5E,75,0,781,776,5,136,205,183,118,14,21,8,2,2,0,3,1,6,2,0,0,2,1,1,41,0,0,9,21
01,Mitte,01B6A,B,6A,75,0,524,520,4,78,123,111,96,10,32,10,3,0,1,5,1,2,1,0,0,0,0,0,32,0,0,4,11
01,Mitte,01B6B,B,6B,75,0,445,442,3,68,129,79,71,7,30,7,0,1,1,3,1,3,0,0,0,0,0,1,33,0,1,1,6
01,Mitte,01B6C,B,6C,75,0,587,583,4,88,160,139,89,12,23,13,3,1,0,0,2,2,0,1,0,0,0,0,27,0,0,3,20
01,Mitte,01B6D,B,6D,75,0,424,419,5,72,84,119,57,8,14,10,4,0,1,3,1,3,0,0,0,1,0,0,30,0,0,4,8
01,Mitte,01B6E,B,6E,75,0,668,662,6,93,176,122,99,17,43,21,6,3,2,3,2,3,2,1,0,0,1,0,39,0,0,4,25
01,Mitte,01B6F,B,6F,75,0,624,615,9,106,137,143,73,13,39,11,2,0,2,3,1,1,0,1,2,1,0,0,51,0,0,7,22
02,Friedrichshain-Kreuzberg,02B1A,B,1A,83,0,516,508,8,79,154,112,68,18,22,4,3,1,0,1,2,2,0,1,0,0,0,0,31,0,0,3,7
02,Friedrichshain-Kreuzberg,02B1B,B,1B,83,0,384,378,6,33,135,88,73,7,11,10,0,0,0,1,0,0,0,0,0,0,0,0,13,0,0,0,7
02,Friedrichshain-Kreuzberg,02B1C,B,1C,83,0,655,651,4,37,285,131,109,11,22,6,2,0,0,0,1,1,1,2,0,1,1,0,25,0,1,0,15
02,Friedrichshain-Kreuzberg,02B1D,B,1D,83,0,375,374,1,41,117,106,61,8,17,2,0,0,0,1,0,1,0,0,0,0,0,0,12,0,0,1,7
02,Friedrichshain-Kreuzberg,02B1E,B,1E,83,0,586,580,6,53,243,121,74,7,17,17,2,0,0,1,3,4,0,0,0,0,0,0,18,0,0,5,15
02,Friedrichshain-Kreuzberg,02B1F,B,1F,83,0,811,796,15,88,331,145,99,24,29,20,2,3,0,1,5,2,0,0,0,1,0,2,31,0,1,1,11
02,Friedrichshain-Kreuzberg,02B1G,B,1G,83,0,646,642,4,35,290,118,107,11,34,7,0,3,1,1,0,5,1,0,0,1,1,0,15,0,0,0,12
02,Friedrichshain-Kreuzberg,02B1H,B,1H,83,0,418,411,7,36,179,93,47,7,7,9,1,1,1,3,1,1,1,0,0,0,0,0,14,0,0,1,9
02,Friedrichshain-Kreuzberg,02B1I,B,1I,83,0,348,344,4,26,157,68,42,6,14,5,0,0,0,1,0,2,0,0,2,0,0,0,12,0,0,1,8
02,Friedrichshain-Kreuzberg,02B2A,B,2A,83,0,438,433,5,33,178,83,64,19,12,8,1,0,1,2,1,1,0,0,0,0,0,1,14,0,0,0,15
02,Friedrichshain-Kreuzberg,02B2B,B,2B,83,0,626,625,1,41,314,133,74,6,27,3,0,1,0,2,1,1,1,0,0,0,0,0,6,0,1,0,14
02,Friedrichshain-Kreuzberg,02B2C,B,2C,83,0,553,550,3,29,241,95,91,13,25,11,0,2,0,0,1,0,0,0,0,0,0,0,13,1,2,1,25
02,Friedrichshain-Kreuzberg,02B2D,B,2D,83,0,515,508,7,26,241,94,85,9,11,2,0,0,2,0,3,1,0,0,0,0,0,1,14,0,1,1,17
02,Friedrichshain-Kreuzberg,02B2E,B,2E,83,0,504,492,12,34,197,82,103,9,21,8,0,0,0,0,1,2,0,0,1,2,0,0,8,0,1,3,20
02,Friedrichshain-Kreuzberg,02B2F,B,2F,83,0,558,548,10,40,230,107,88,6,24,7,0,0,0,3,2,2,0,0,0,1,1,0,14,0,3,0,20
02,Friedrichshain-Kreuzberg,02B2G,B,2G,83,0,559,556,3,20,244,82,113,8,35,9,2,0,3,0,2,2,0,0,0,2,0,0,13,0,2,1,18
02,Friedrichshain-Kreuzberg,02B2H,B,2H,83,0,480,465,15,26,202,73,96,4,27,5,0,1,0,2,1,1,0,0,0,0,1,0,9,0,0,0,17
02,Friedrichshain-Kreuzberg,02B3A,B,3A,83,0,487,482,5,73,99,126,62,21,18,11,2,1,3,2,2,1,0,1,0,3,0,0,33,0,1,4,19
02,Friedrichshain-Kreuzberg,02B3B,B,3B,83,0,531,528,3,47,209,115,72,15,24,2,0,0,2,4,2,1,0,0,0,0,0,1,14,0,1,1,18
02,Friedrichshain-Kreuzberg,02B3C,B,3C,83,0,424,416,8,80,87,102,56,6,21,13,2,1,2,0,1,1,2,0,0,0,0,2,27,0,0,6,7
02,Friedrichshain-Kreuzberg,02B3D,B,3D,83,0,561,548,13,37,196,96,125,8,31,10,0,0,1,0,5,3,0,0,0,0,0,1,9,0,0,1,25
02,Friedrichshain-Kreuzberg,02B3E,B,3E,83,0,424,419,5,11,177,77,104,1,19,3,1,0,0,0,2,1,0,0,0,0,0,1,4,0,1,0,17
02,Friedrichshain-Kreuzberg,02B3F,B,3F,83,0,424,420,4,42,154,77,91,11,15,6,0,1,0,1,2,0,0,1,0,2,0,1,8,0,1,1,6
02,Friedrichshain-Kreuzberg,02B4A,B,4A,83,0,490,484,6,65,57,102,178,11,13,4,0,3,1,0,6,3,0,1,0,0,0,0,35,0,0,2,3
02,Friedrichshain-Kreuzberg,02B4B,B,4B,83,0,612,606,6,76,76,126,223,7,15,10,1,3,2,2,3,1,0,0,0,0,0,0,54,0,1,3,3
02,Friedrichshain-Kreuzberg,02B4C,B,4C,83,0,585,582,3,49,177,101,126,17,34,6,0,2,5,2,1,3,0,0,0,0,0,0,34,0,1,2,22
02,Friedrichshain-Kreuzberg,02B4D,B,4D,83,0,582,575,7,64,123,109,173,13,20,9,0,3,3,3,7,1,2,0,0,0,0,0,22,0,0,2,21
02,Friedrichshain-Kreuzberg,02B4E,B,4E,83,0,350,347,3,38,51,71,128,8,16,2,0,1,1,0,4,1,1,0,0,0,0,0,18,0,1,0,6
02,Friedrichshain-Kreuzberg,02B4F,B,4F,83,0,442,435,7,47,81,82,147,8,22,4,0,2,0,1,6,2,0,0,0,0,1,0,23,0,1,1,7
02,Friedrichshain-Kreuzberg,02B4G,B,4G,83,0,552,546,6,69,67,128,211,8,12,4,0,0,2,0,5,2,2,0,0,0,0,0,24,0,2,5,5
02,Friedrichshain-Kreuzberg,02B4H,B,4H,83,0,498,489,9,48,49,102,199,7,16,10,0,1,1,1,2,4,1,1,1,0,0,0,30,0,0,7,9
02,Friedrichshain-Kreuzberg,02B5A,B,5A,83,0,499,495,4,39,160,105,107,10,26,7,0,1,3,3,1,0,0,0,0,1,0,2,13,0,0,2,15
02,Friedrichshain-Kreuzberg,02B5B,B,5B,83,0,497,493,4,39,142,99,123,7,26,4,1,2,2,3,3,5,1,1,0,0,0,1,11,0,0,2,21
02,Friedrichshain-Kreuzberg,02B5C,B,5C,83,0,461,456,5,30,147,88,96,13,30,8,0,1,3,1,3,2,0,0,0,1,0,0,17,0,0,0,16
02,Friedrichshain-Kreuzberg,02B5D,B,5D,83,0,493,490,3,32,185,86,95,15,24,4,0,0,1,2,4,4,0,0,0,0,0,0,13,0,0,3,22
02,Friedrichshain-Kreuzberg,02B5E,B,5E,83,0,498,493,5,48,156,104,101,2,20,10,1,1,0,3,1,2,0,0,0,1,0,2,17,0,2,1,21
02,Friedrichshain-Kreuzberg,02B5F,B,5F,83,0,566,559,7,36,186,90,139,13,38,4,0,1,2,0,3,3,0,0,0,0,1,1,21,0,0,0,21
02,Friedrichshain-Kreuzberg,02B5G,B,5G,83,0,472,465,7,29,150,91,118,6,21,6,0,0,0,2,1,3,0,1,0,0,0,0,15,0,1,1,20
02,Friedrichshain-Kreuzberg,02B5H,B,5H,83,0,523,518,5,43,179,91,106,12,26,11,0,3,2,2,4,2,0,0,0,2,0,0,16,0,0,1,18
02,Friedrichshain-Kreuzberg,02B6A,B,6A,83,0,565,562,3,66,92,112,176,8,27,9,3,4,4,2,4,2,0,0,0,0,0,0,30,0,1,5,17
02,Friedrichshain-Kreuzberg,02B6B,B,6B,83,0,577,570,7,54,177,103,127,21,40,8,0,1,3,2,1,3,0,0,0,1,1,0,18,0,0,2,8
02,Friedrichshain-Kreuzberg,02B6C,B,6C,83,0,431,424,7,38,146,81,81,10,22,2,0,4,0,0,1,3,0,0,0,1,0,0,16,0,0,1,18
02,Friedrichshain-Kreuzberg,02B6D,B,6D,83,0,620,613,7,42,244,107,108,14,38,12,0,1,2,2,4,4,0,0,0,0,0,0,20,0,0,1,14
02,Friedrichshain-Kreuzberg,02B6E,B,6E,83,0,583,580,3,44,201,115,119,13,31,13,0,0,1,0,0,4,0,0,0,1,0,0,12,0,2,3,21
02,Friedrichshain-Kreuzberg,02B6F,B,6F,83,0,538,529,9,43,173,98,99,13,43,4,2,0,1,2,3,3,0,0,0,1,0,0,9,0,0,0,35
02,Friedrichshain-Kreuzberg,02B6G,B,6G,83,0,538,534,4,54,153,97,129,13,25,4,0,5,1,3,0,3,0,0,0,0,0,0,27,0,1,1,18
02,Friedrichshain-Kreuzberg,02B6H,B,6H,83,0,501,494,7,71,127,110,77,23,24,8,0,4,3,0,3,2,0,1,0,0,0,0,25,1,0,3,12
03,Pankow,03B1A,B,1A,76,0,822,814,8,158,81,166,244,15,13,11,0,9,5,0,3,5,0,2,1,0,0,2,74,0,0,19,6
03,Pankow,03B1B,B,1B,76,0,536,531,5,78,34,103,180,8,8,10,1,12,1,4,3,5,2,2,0,1,1,1,60,0,0,15,2
03,Pankow,03B1C,B,1C,76,0,508,503,5,112,57,112,122,11,15,10,0,7,4,1,2,4,1,0,1,0,0,0,38,0,0,5,1
03,Pankow,03B1D,B,1D,76,0,968,966,2,199,96,238,236,22,11,17,7,8,6,1,2,6,0,0,0,1,0,1,97,0,1,12,5
03,Pankow,03B1E,B,1E,76,0,684,678,6,178,71,126,145,19,13,8,2,8,4,1,3,1,2,0,1,0,0,0,87,0,0,7,2
03,Pankow,03B2A,B,2A,76,0,777,761,16,135,110,165,159,12,25,14,7,4,4,5,2,5,0,3,1,0,0,0,91,0,1,7,11
03,Pankow,03B2B,B,2B,76,0,779,770,9,183,87,218,138,10,14,7,2,3,1,1,2,4,0,0,0,1,0,0,81,0,0,17,1
03,Pankow,03B2C,B,2C,76,0,1021,1017,4,184,138,250,227,26,17,17,1,11,4,2,3,2,1,0,0,0,1,0,118,0,0,11,4
03,Pankow,03B2D,B,2D,76,0,900,893,7,192,135,186,198,25,18,12,1,3,5,4,3,6,1,0,0,2,0,1,85,0,1,8,7
03,Pankow,03B2E,B,2E,76,0,659,647,12,110,104,173,150,9,14,12,1,6,2,3,3,0,1,0,1,0,0,0,49,0,0,6,3
03,Pankow,03B3A,B,3A,76,0,828,815,13,154,91,211,201,18,9,8,4,7,0,3,4,7,1,0,0,0,0,1,75,2,1,9,9
03,Pankow,03B3B,B,3B,76,0,967,956,11,156,141,236,274,18,13,7,3,4,4,2,6,3,2,0,1,0,0,0,67,1,1,7,10
03,Pankow,03B3C,B,3C,76,0,1181,1169,12,167,263,260,300,41,31,9,0,3,2,3,9,3,0,0,0,0,0,0,63,0,1,3,11
03,Pankow,03B3D,B,3D,76,0,942,933,9,104,271,201,211,5,36,11,1,7,5,9,3,6,1,0,0,1,0,1,37,0,1,2,20
03,Pankow,03B3E,B,3E,76,0,665,661,4,90,129,138,174,17,16,11,1,4,5,2,2,3,0,1,0,0,1,0,46,0,2,10,9
03,Pankow,03B4A,B,4A,76,0,528,524,4,87,72,102,156,4,10,8,0,9,3,1,3,4,0,1,0,0,0,1,50,0,0,7,6
03,Pankow,03B4B,B,4B,76,0,767,758,9,130,107,160,205,9,25,18,1,2,0,1,3,8,0,1,2,0,0,1,67,2,0,3,13
03,Pankow,03B4C,B,4C,76,0,674,672,2,116,51,194,186,3,21,9,2,5,2,1,3,7,0,2,0,0,0,1,59,0,0,7,3
03,Pankow,03B4D,B,4D,76,0,494,487,7,87,46,125,123,6,15,9,0,3,4,1,3,0,1,1,0,0,0,1,48,0,2,8,4
03,Pankow,03B4E,B,4E,76,0,838,829,9,198,86,169,183,19,25,18,2,6,4,4,6,9,0,0,0,0,1,0,80,0,1,8,10
03,Pankow,03B5A,B,5A,76,0,793,793,0,102,133,173,238,5,31,15,0,7,3,3,7,5,1,0,0,1,0,2,55,0,1,2,9
03,Pankow,03B5B,B,5B,76,0,747,741,6,97,183,168,163,18,19,8,0,1,4,3,5,2,0,0,0,1,0,1,47,0,0,1,20
03,Pankow,03B5C,B,5C,76,0,851,840,11,102,120,190,279,9,28,10,2,1,5,6,5,1,1,0,1,0,1,2,62,3,1,7,4
03,Pankow,03B5D,B,5D,76,0,808,800,8,102,136,170,224,14,21,12,1,2,2,3,10,2,0,1,0,0,0,2,82,0,2,7,7
03,Pankow,03B5E,B,5E,76,0,580,568,12,112,51,115,141,9,15,15,3,6,0,2,6,5,2,0,1,0,0,0,77,0,1,3,4
03,Pankow,03B6A,B,6A,76,0,966,958,8,85,347,187,180,35,36,7,0,3,1,3,1,3,2,0,0,2,0,0,42,0,0,3,21
03,Pankow,03B6B,B,6B,76,0,995,987,8,106,338,192,179,27,43,20,0,0,5,3,4,3,1,0,0,0,1,0,36,0,0,3,26
03,Pankow,03B6C,B,6C,76,0,1040,1034,6,136,370,183,176,42,39,19,0,0,2,6,2,4,0,0,0,1,0,0,31,2,0,3,18
03,Pankow,03B6D,B,6D,76,0,840,837,3,84,303,154,149,41,34,9,0,1,2,6,4,4,0,0,0,0,0,2,22,0,0,1,21
03,Pankow,03B6E,B,6E,76,0,1063,1058,5,101,365,228,178,44,50,16,0,3,4,3,3,3,0,0,1,0,0,0,41,0,2,0,16
03,Pankow,03B7A,B,7A,76,0,541,534,7,68,117,117,104,15,20,11,1,2,3,4,2,2,0,0,0,1,0,1,45,1,0,8,12
03,Pankow,03B7B,B,7B,76,0,427,425,2,68,81,85,107,7,16,8,1,1,0,5,1,1,0,0,0,1,0,1,31,1,0,3,7
03,Pankow,03B7C,B,7C,83,0,570,561,9,63,119,120,151,9,23,13,0,5,3,2,3,1,0,1,0,0,0,0,36,1,0,2,9
03,Pankow,03B7D,B,7D,83,0,634,629,5,67,129,147,173,9,23,9,0,2,4,4,1,3,1,1,0,0,1,0,40,0,2,3,10
03,Pankow,03B7E,B,7E,83,0,745,736,9,70,232,148,173,17,27,5,1,4,3,4,4,2,1,0,0,0,0,0,30,0,0,0,15
03,Pankow,03B7F,B,7F,76,0,820,817,3,107,231,187,173,22,26,12,0,0,0,1,2,4,0,0,1,1,0,1,37,1,0,1,10
03,Pankow,03B8A,B,8A,83,0,871,862,9,104,225,177,202,27,37,4,2,2,2,0,4,4,0,0,0,0,0,0,48,1,4,1,18
03,Pankow,03B8B,B,8B,83,0,1104,1096,8,135,305,294,182,56,41,11,0,1,3,1,3,2,0,0,0,0,0,0,42,2,1,2,15
03,Pankow,03B8C,B,8C,83,0,1195,1189,6,153,393,247,203,66,39,16,0,2,5,5,1,0,0,0,0,4,1,1,43,1,0,2,7
03,Pankow,03B8D,B,8D,83,0,772,767,5,119,246,150,135,31,30,4,0,1,2,2,2,3,0,0,0,0,0,0,21,0,0,3,18
03,Pankow,03B8E,B,8E,76,0,843,836,7,96,298,164,142,41,32,5,0,0,0,0,1,0,0,0,0,0,0,0,38,0,0,0,19
03,Pankow,03B9A,B,9A,76,0,657,652,5,75,129,143,176,8,17,11,0,3,2,6,0,4,1,0,1,0,0,0,49,1,0,8,18
03,Pankow,03B9B,B,9B,76,0,525,520,5,78,28,148,194,5,5,6,1,0,1,0,2,0,0,2,0,0,0,0,40,0,1,7,2
03,Pankow,03B9C,B,9C,83,0,743,735,8,110,52,186,245,10,29,14,2,3,0,0,3,4,0,1,1,1,0,1,56,0,0,14,3
03,Pankow,03B9D,B,9D,83,0,478,476,2,86,100,100,112,14,14,6,0,3,0,1,3,6,0,3,0,0,0,0,20,0,1,2,5
03,Pankow,03B9E,B,9E,83,0,928,920,8,86,248,190,228,28,47,8,0,5,3,3,5,3,0,1,0,2,0,2,44,1,1,2,13
03,Pankow,03B9F,B,9F,83,0,1136,1132,4,126,413,241,179,51,34,13,0,2,6,5,2,2,0,0,0,1,0,0,50,0,2,5,0
04,Charlottenburg-Wilmersdorf,04B1A,B,1A,78,0,350,343,7,115,40,87,16,4,15,8,4,1,2,0,0,0,2,0,0,0,1,2,43,0,0,1,2
04,Charlottenburg-Wilmersdorf,04B1B,B,1B,78,0,281,276,5,83,24,73,9,9,8,6,3,4,2,0,0,1,0,1,0,0,1,0,44,0,0,5,3
04,Charlottenburg-Wilmersdorf,04B1C,B,1C,78,0,331,328,3,112,23,85,33,11,6,7,3,3,1,1,0,1,0,0,0,0,0,0,36,1,0,5,0
04,Charlottenburg-Wilmersdorf,04B1D,B,1D,78,0,321,314,7,94,32,93,34,12,4,4,0,5,0,2,0,0,1,0,0,0,1,0,22,2,0,3,5
04,Charlottenburg-Wilmersdorf,04B1E,B,1E,78,0,560,554,6,100,155,131,58,17,16,5,0,1,5,0,0,2,0,0,1,0,1,0,46,0,0,2,14
04,Charlottenburg-Wilmersdorf,04B1F,B,1F,78,0,586,582,4,108,144,146,60,11,15,17,0,2,6,1,0,5,1,2,1,0,0,1,50,1,1,4,6
04,Charlottenburg-Wilmersdorf,04B2A,B,2A,80,0,760,758,2,237,67,212,40,54,13,15,1,4,2,1,1,0,0,4,1,1,0,1,98,0,1,0,5
04,Charlottenburg-Wilmersdorf,04B2B,B,2B,80,0,756,752,4,289,98,180,29,57,8,13,0,3,1,1,0,0,0,1,0,0,0,0,66,1,0,2,3
04,Charlottenburg-Wilmersdorf,04B2C,B,2C,80,0,513,505,8,167,48,165,37,20,13,11,0,3,1,1,1,0,1,0,0,0,0,1,33,0,0,1,2
04,Charlottenburg-Wilmersdorf,04B2D,B,2D,80,0,615,609,6,160,98,199,31,35,11,12,0,4,5,4,0,2,0,1,1,1,0,0,43,0,0,0,2
04,Charlottenburg-Wilmersdorf,04B2E,B,2E,80,0,807,800,7,279,88,226,39,55,14,5,0,3,3,1,0,2,1,1,0,0,0,1,78,2,0,1,1
04,Charlottenburg-Wilmersdorf,04B2F,B,2F,80,0,648,642,6,178,122,185,35,31,11,9,3,1,2,1,0,3,0,0,0,0,1,1,54,0,0,2,3
04,Charlottenburg-Wilmersdorf,04B2G,B,2G,80,0,649,643,6,199,84,195,44,45,8,5,0,1,1,2,0,3,0,1,0,0,0,2,45,0,0,3,5
04,Charlottenburg-Wilmersdorf,04B2H,B,2H,80,0,514,507,7,131,94,143,20,35,10,12,0,1,1,2,0,3,1,0,0,0,1,1,44,0,2,3,3
04,Charlottenburg-Wilmersdorf,04B3A,B,3A,80,0,473,465,8,105,106,134,43,11,9,4,0,2,2,1,0,1,0,2,1,1,0,0,39,0,0,2,2
04,Charlottenburg-Wilmersdorf,04B3B,B,3B,80,0,556,538,18,79,168,151,61,18,10,7,3,1,2,2,0,2,0,1,0,0,0,0,28,0,0,3,2
04,Charlottenburg-Wilmersdorf,04B3C,B,3C,80,0,580,575,5,81,158,159,66,37,12,7,0,2,1,1,1,3,0,2,0,0,0,0,41,0,0,2,2
04,Charlottenburg-Wilmersdorf,04B3D,B,3D,80,0,575,570,5,118,90,185,54,33,6,7,1,3,2,3,0,0,0,0,0,2,1,0,58,1,0,2,4
04,Charlottenburg-Wilmersdorf,04B3E,B,3E,80,0,713,705,8,171,155,212,54,36,10,8,0,1,5,2,0,1,1,1,0,0,0,0,42,1,0,1,4
04,Charlottenburg-Wilmersdorf,04B3F,B,3F,80,0,606,602,4,123,163,160,52,33,5,9,0,0,1,3,0,0,1,2,0,0,0,0,42,0,0,0,8
04,Charlottenburg-Wilmersdorf,04B3G,B,3G,80,0,588,587,1,102,140,163,72,24,20,8,0,2,2,4,1,0,0,0,0,0,0,1,39,0,0,2,7
04,Charlottenburg-Wilmersdorf,04B3H,B,3H,80,0,611,607,4,147,108,173,32,51,9,11,2,0,3,2,0,0,0,0,0,0,0,1,61,0,0,2,5
04,Charlottenburg-Wilmersdorf,04B4A,B,4A,80,0,532,531,1,123,96,161,52,22,7,7,2,0,4,2,1,5,0,0,1,0,0,0,44,0,0,2,2
04,Charlottenburg-Wilmersdorf,04B4B,B,4B,80,0,672,667,5,171,132,186,55,29,17,13,0,2,1,0,1,3,0,1,0,1,0,0,45,0,0,3,7
04,Charlottenburg-Wilmersdorf,04B4C,B,4C,80,0,503,499,4,103,133,131,40,20,13,5,0,0,1,5,0,0,0,0,0,0,1,4,33,0,0,0,10
04,Charlottenburg-Wilmersdorf,04B4D,B,4D,80,0,544,542,2,105,128,165,32,31,14,10,0,0,2,1,1,0,0,0,0,0,0,1,41,0,0,4,7
04,Charlottenburg-Wilmersdorf,04B4E,B,4E,80,0,697,692,5,145,164,191,54,53,19,6,0,0,1,5,0,1,1,0,0,0,0,0,43,0,0,1,8
04,Charlottenburg-Wilmersdorf,04B4F,B,4F,80,0,613,607,6,136,134,170,39,47,10,6,0,2,0,2,1,3,0,0,0,0,0,0,49,0,1,2,5
04,Charlottenburg-Wilmersdorf,04B4G,B,4G,80,0,831,829,2,203,164,243,50,64,11,6,0,2,3,0,0,0,1,1,0,1,0,0,73,0,0,1,6
04,Charlottenburg-Wilmersdorf,04B4H,B,4H,80,0,573,570,3,143,107,138,45,58,8,7,0,0,1,2,1,1,0,0,0,0,1,0,53,0,0,1,4
04,Charlottenburg-Wilmersdorf,04B5A,B,5A,80,0,826,821,5,311,92,172,33,102,11,8,1,0,2,2,0,3,0,0,0,1,1,0,79,0,0,2,1
04,Charlottenburg-Wilmersdorf,04B5B,B,5B,80,0,507,498,9,127,60,136,43,32,11,14,0,3,2,2,1,3,0,0,0,0,0,1,58,0,1,2,2
04,Charlottenburg-Wilmersdorf,04B5C,B,5C,80,0,554,552,2,125,118,149,29,30,12,9,0,1,4,1,0,1,0,1,0,0,1,0,63,0,0,2,6
04,Charlottenburg-Wilmersdorf,04B5D,B,5D,80,0,641,635,6,158,106,181,35,47,8,9,1,1,3,1,3,0,0,0,0,0,1,0,71,0,0,6,4
04,Charlottenburg-Wilmersdorf,04B5E,B,5E,80,0,493,490,3,141,71,158,37,20,7,9,0,1,0,0,0,1,1,0,0,0,0,0,38,0,0,3,3
04,Charlottenburg-Wilmersdorf,04B5F,B,5F,80,0,653,647,6,198,86,201,30,32,9,6,2,1,2,1,0,1,1,0,1,1,0,0,65,0,0,4,6
04,Charlottenburg-Wilmersdorf,04B5G,B,5G,80,0,717,709,8,276,68,158,34,67,8,8,0,0,2,4,0,1,0,0,1,0,0,0,76,2,0,2,2
04,Charlottenburg-Wilmersdorf,04B5H,B,5H,80,0,809,802,7,370,72,103,20,111,7,11,0,1,1,0,0,1,0,0,0,0,0,0,99,2,0,0,4
04,Charlottenburg-Wilmersdorf,04B6A,B,6A,80,0,697,689,8,192,98,203,40,69,8,9,0,3,3,2,0,0,0,0,0,0,0,1,54,0,1,0,6
04,Charlottenburg-Wilmersdorf,04B6B,B,6B,80,0,690,685,5,160,133,220,49,35,16,14,1,2,3,1,3,0,0,0,0,0,0,0,41,0,0,1,6
04,Charlottenburg-Wilmersdorf,04B6C,B,6C,80,0,512,508,4,126,97,133,38,28,11,10,1,1,0,1,1,3,0,0,0,0,0,0,51,2,0,3,2
04,Charlottenburg-Wilmersdorf,04B6D,B,6D,80,0,611,608,3,140,145,177,33,30,10,5,0,2,3,0,1,0,1,1,0,0,0,1,44,1,0,6,8
04,Charlottenburg-Wilmersdorf,04B6E,B,6E,80,0,717,711,6,175,164,204,46,40,3,3,1,3,1,3,0,2,2,1,0,0,0,0,54,1,0,0,8
04,Charlottenburg-Wilmersdorf,04B6F,B,6F,80,0,569,560,9,115,147,159,44,32,3,3,0,3,1,2,0,1,0,0,0,0,0,0,45,0,0,3,2
04,Charlottenburg-Wilmersdorf,04B6G,B,6G,80,0,668,664,4,166,137,186,45,27,19,13,1,1,3,0,0,3,1,1,0,0,0,2,47,0,0,2,10
04,Charlottenburg-Wilmersdorf,04B6H,B,6H,80,0,583,581,2,119,138,193,43,23,9,5,2,2,1,1,0,4,0,1,0,0,1,0,36,0,0,0,3
04,Charlottenburg-Wilmersdorf,04B7A,B,7A,80,0,553,549,4,130,104,156,39,22,11,17,0,3,0,5,1,2,0,0,0,1,0,0,45,0,0,3,10
04,Charlottenburg-Wilmersdorf,04B7B,B,7B,80,0,565,552,13,191,69,134,30,29,18,10,2,2,4,1,0,0,0,0,0,0,0,0,50,0,0,5,7
04,Charlottenburg-Wilmersdorf,04B7C,B,7C,80,0,607,600,7,117,134,190,40,24,15,6,0,3,5,4,0,4,1,0,0,0,0,0,51,0,0,1,5
04,Charlottenburg-Wilmersdorf,04B7D,B,7D,80,0,768,760,8,210,137,222,54,41,13,8,1,3,1,2,0,0,0,2,0,0,1,0,59,0,0,2,4
04,Charlottenburg-Wilmersdorf,04B7E,B,7E,80,0,843,833,10,265,120,225,45,32,12,11,2,4,3,0,0,3,2,2,0,0,0,0,97,0,0,9,1
04,Charlottenburg-Wilmersdorf,04B7F,B,7F,80,0,744,736,8,201,120,231,40,29,11,18,1,2,2,3,0,2,1,0,2,1,0,0,63,1,0,2,6
04,Charlottenburg-Wilmersdorf,04B7G,B,7G,80,0,761,756,5,154,183,210,67,25,13,20,0,3,1,3,0,2,0,0,0,0,1,1,67,0,0,1,5
04,Charlottenburg-Wilmersdorf,04B7H,B,7H,80,0,592,585,7,202,79,150,22,29,8,8,0,1,2,0,1,1,2,2,0,0,0,0,78,0,0,0,0
04,Charlottenburg-Wilmersdorf,04B8A,B,8A,80,0,598,590,8,143,144,150,46,26,12,9,2,0,1,0,0,2,0,1,0,0,0,0,46,0,0,3,5
04,Charlottenburg-Wilmersdorf,04B8B,B,8B,80,0,598,595,3,110,116,180,60,21,20,9,2,0,3,3,0,5,1,2,1,0,0,1,49,2,0,1,9
05,Spandau,05B1A,B,1A,78,0,484,479,5,151,61,139,28,10,12,9,1,3,4,1,0,1,0,2,0,0,0,1,49,3,0,1,3
05,Spandau,05B1B,B,1B,78,0,506,498,8,143,42,144,53,17,10,11,1,1,3,1,0,0,1,0,0,1,0,0,64,0,0,5,1
05,Spandau,05B1C,B,1C,78,0,618,609,9,183,63,181,31,20,15,11,8,3,1,5,1,7,1,1,0,1,3,0,59,0,1,7,7
05,Spandau,05B1D,B,1D,78,0,576,567,9,182,69,145,42,27,10,15,0,5,3,0,0,3,0,0,0,0,2,0,57,0,0,5,2
05,Spandau,05B1E,B,1E,78,0,526,522,4,191,60,144,18,29,13,5,1,3,2,0,1,3,4,0,0,0,0,0,40,1,0,4,3
05,Spandau,05B1F,B,1F,78,0,464,459,5,169,28,129,30,6,7,12,2,1,0,1,0,3,1,3,0,0,0,0,57,1,1,6,2
05,Spandau,05B1G,B,1G,78,0,407,401,6,115,32,162,15,10,2,8,2,3,0,0,0,1,0,0,0,0,0,0,47,1,0,3,0
05,Spandau,05B2A,B,2A,78,0,416,413,3,109,62,127,33,11,9,12,0,3,1,0,0,3,1,1,0,0,0,0,30,0,1,6,4
05,Spandau,05B2B,B,2B,78,0,480,470,10,141,57,142,29,16,14,3,1,1,3,2,0,2,0,1,0,0,2,0,46,1,2,2,5
05,Spandau,05B2C,B,2C,78,0,430,419,11,141,28,134,23,12,14,4,2,3,2,1,1,4,2,0,1,0,2,1,40,0,0,3,1
05,Spandau,05B2D,B,2D,78,0,392,382,10,104,34,128,29,13,10,8,1,1,1,2,1,1,0,0,1,0,1,2,41,0,0,3,1
05,Spandau,05B2E,B,2E,78,0,400,393,7,120,24,146,28,6,6,6,2,2,1,1,1,2,0,0,1,0,0,0,41,0,0,5,1
05,Spandau,05B2F,B,2F,78,0,410,407,3,138,29,142,17,9,10,6,1,4,4,0,0,3,2,1,1,1,0,0,34,0,0,2,3
05,Spandau,05B2G,B,2G,78,0,278,270,8,84,22,72,26,5,13,5,0,4,0,2,0,2,1,1,0,0,0,0,21,1,1,7,3
05,Spandau,05B3A,B,3A,78,0,553,545,8,139,68,175,49,13,9,11,0,0,5,0,1,8,2,1,2,0,0,0,50,2,1,5,4
05,Spandau,05B3B,B,3B,78,0,422,415,7,120,50,119,24,13,15,12,2,1,4,3,1,2,0,0,0,0,0,0,39,0,1,6,3
05,Spandau,05B3C,B,3C,78,0,547,539,8,186,56,166,31,24,8,6,0,3,3,4,0,4,0,2,0,0,0,0,40,0,0,5,1
05,Spandau,05B3D,B,3D,78,0,515,506,9,117,69,152,44,11,14,10,2,2,1,1,0,3,1,1,1,1,1,2,62,1,1,3,6
05,Spandau,05B3E,B,3E,78,0,496,488,8,156,60,154,25,11,16,12,4,5,2,0,0,2,0,1,0,0,0,0,31,0,0,4,5
05,Spandau,05B3F,B,3F,78,0,506,501,5,179,27,162,28,6,7,16,2,5,2,1,0,3,1,0,2,1,3,0,50,0,0,2,4
05,Spandau,05B3G,B,3G,78,0,506,497,9,169,65,137,25,14,13,10,4,2,2,0,1,2,0,2,0,0,1,0,43,0,0,4,3
05,Spandau,05B4A,B,4A,78,0,534,528,6,157,71,142,26,26,18,6,1,2,5,4,2,5,4,0,1,0,0,0,53,0,1,2,2
05,Spandau,05B4B,B,4B,78,0,404,397,7,146,40,112,25,11,8,4,1,2,1,0,0,4,0,0,0,0,0,0,36,0,0,4,3
05,Spandau,05B4C,B,4C,78,0,494,482,12,166,33,157,28,9,9,11,2,2,3,1,3,3,0,3,0,0,0,0,43,0,1,5,3
05,Spandau,05B4D,B,4D,78,0,426,419,7,139,23,136,19,14,8,8,0,5,3,2,1,5,2,0,0,0,0,1,41,0,1,7,4
05,Spandau,05B4E,B,4E,78,0,492,488,4,170,42,146,21,13,8,10,3,4,1,3,0,1,0,3,0,0,0,0,56,0,0,5,2
05,Spandau,05B4F,B,4F,78,0,420,415,5,129,44,124,19,22,16,7,1,2,0,1,0,3,1,0,0,0,1,0,40,2,0,2,1
05,Spandau,05B4G,B,4G,78,0,432,430,2,141,23,140,32,8,3,8,2,6,2,1,0,6,1,1,0,0,2,0,48,0,0,3,3
05,Spandau,05B4H,B,4H,78,0,442,437,5,170,22,138,22,20,6,5,1,1,3,0,2,1,1,0,0,0,0,0,36,1,2,3,3
05,Spandau,05B5A,B,5A,78,0,549,544,5,203,36,168,18,21,5,11,1,3,0,1,0,3,0,2,0,0,0,0,67,2,0,1,2
05,Spandau,05B5B,B,5B,78,0,382,376,6,128,33,123,25,9,4,7,3,0,1,2,0,4,0,0,1,0,0,0,32,0,0,3,1
05,Spandau,05B5C,B,5C,78,0,522,505,17,170,57,159,23,20,11,2,2,3,1,0,0,5,2,1,1,0,0,0,44,0,1,2,1
05,Spandau,05B5D,B,5D,78,0,647,643,4,293,62,133,23,35,2,8,0,3,2,3,0,2,0,0,0,0,0,0,69,0,0,4,4
05,Spandau,05B5E,B,5E,78,0,394,388,6,135,31,114,18,15,6,10,2,0,10,2,0,1,0,0,0,0,0,0,43,0,0,1,0
05,Spandau,05B5F,B,5F,78,0,498,497,1,163,82,118,15,20,5,7,2,1,2,1,0,1,0,0,0,1,0,0,76,0,0,3,0
05,Spandau,05B5G,B,5G,78,0,525,524,1,218,56,121,18,29,4,6,0,0,4,1,0,1,0,2,0,0,0,0,60,0,0,1,3
05,Spandau,05B5H,B,5H,78,0,560,556,4,223,52,132,16,45,4,8,1,1,0,4,0,1,0,1,0,0,1,0,63,1,0,2,1
05,Spandau,05B5I,B,5I,78,0,424,423,1,134,53,129,12,25,8,2,2,1,3,0,0,0,1,0,0,0,0,0,49,1,0,3,0
05,Spandau,05B5J,B,5J,78,0,509,502,7,195,63,116,17,21,7,11,0,0,1,1,2,2,0,0,0,0,1,0,57,0,0,2,6
06,Steglitz-Zehlendorf,06B1A,B,1A,79,0,866,857,9,274,148,233,31,55,13,9,0,1,2,4,0,0,3,3,1,0,2,0,71,0,0,1,6
06,Steglitz-Zehlendorf,06B1B,B,1B,79,0,852,841,11,259,138,243,49,36,13,12,0,1,2,2,0,1,1,0,1,1,1,1,72,0,0,1,7
06,Steglitz-Zehlendorf,06B1C,B,1C,79,0,650,641,9,157,152,172,35,24,16,11,1,1,1,1,1,2,0,0,1,1,0,1,53,0,0,6,5
06,Steglitz-Zehlendorf,06B1D,B,1D,79,0,548,546,2,123,151,130,46,16,14,9,0,1,3,1,0,0,0,1,1,0,0,1,39,0,1,2,7
06,Steglitz-Zehlendorf,06B1E,B,1E,79,0,568,564,4,165,106,156,34,15,7,13,1,4,2,0,0,4,0,1,1,0,2,0,49,0,0,0,4
06,Steglitz-Zehlendorf,06B1F,B,1F,79,0,525,520,5,144,90,153,31,15,17,13,1,5,1,0,0,1,1,1,1,0,3,0,35,0,0,6,2
06,Steglitz-Zehlendorf,06B1G,B,1G,79,0,779,768,11,182,174,215,61,40,18,7,0,1,2,4,1,6,0,0,0,0,0,0,50,0,0,1,6
06,Steglitz-Zehlendorf,06B1H,B,1H,79,0,673,668,5,184,155,169,45,23,14,11,2,1,0,3,0,3,0,0,0,1,1,1,46,0,0,5,4
06,Steglitz-Zehlendorf,06B1I,B,1I,79,0,807,804,3,254,149,207,49,45,18,12,0,2,2,1,1,1,0,0,1,0,0,0,62,0,0,0,0
06,Steglitz-Zehlendorf,06B2A,B,2A,79,0,694,688,6,164,144,192,58,23,12,9,0,3,4,3,0,2,0,2,1,0,1,0,62,3,0,3,2
06,Steglitz-Zehlendorf,06B2B,B,2B,79,0,569,565,4,157,85,156,42,11,17,10,3,2,0,1,1,5,0,1,1,1,0,0,57,0,0,5,10
06,Steglitz-Zehlendorf,06B2C,B,2C,79,0,524,517,7,166,80,150,31,20,7,5,3,2,0,1,0,1,0,0,0,1,1,0,45,0,0,2,2
06,Steglitz-Zehlendorf,06B2D,B,2D,79,0,569,562,7,193,73,139,31,32,3,10,4,0,4,3,1,0,1,1,0,0,0,1,58,1,0,4,3
06,Steglitz-Zehlendorf,06B2E,B,2E,79,0,629,625,4,165,111,170,42,23,11,10,1,5,0,4,1,3,1,0,1,0,0,3,68,0,0,2,4
06,Steglitz-Zehlendorf,06B2F,B,2F,79,0,556,552,4,146,110,149,35,15,12,16,1,3,1,2,0,2,0,1,0,0,0,0,47,0,2,7,3
06,Steglitz-Zehlendorf,06B2G,B,2G,79,0,801,791,10,223,132,231,43,34,13,8,0,1,2,3,2,0,0,1,1,0,0,2,82,0,0,4,9
06,Steglitz-Zehlendorf,06B2H,B,2H,79,0,616,613,3,160,130,152,50,20,12,16,2,3,3,1,2,6,0,1,0,0,0,0,44,0,0,5,6
06,Steglitz-Zehlendorf,06B2I,B,2I,79,0,552,546,6,145,109,137,42,23,13,9,2,4,1,0,0,4,1,2,0,0,0,3,48,0,0,3,0
06,Steglitz-Zehlendorf,06B3A,B,3A,79,0,793,788,5,246,136,197,37,49,14,7,1,1,1,3,2,3,0,5,0,0,0,0,80,0,0,4,2
06,Steglitz-Zehlendorf,06B3B,B,3B,79,0,690,683,7,220,128,169,43,26,15,10,0,5,2,3,0,0,0,0,1,0,0,1,52,0,0,2,6
06,Steglitz-Zehlendorf,06B3C,B,3C,79,0,668,661,7,212,104,169,31,39,11,8,2,1,0,2,1,0,0,0,0,0,0,0,72,0,0,0,9
06,Steglitz-Zehlendorf,06B3D,B,3D,79,0,846,838,8,272,177,196,29,47,14,7,0,2,1,5,0,0,1,1,0,0,0,0,75,1,0,1,9
06,Steglitz-Zehlendorf,06B3E,B,3E,79,0,733,729,4,248,107,207,27,38,15,12,1,1,3,2,1,2,0,0,0,0,3,0,51,1,0,8,2
06,Steglitz-Zehlendorf,06B3F,B,3F,79,0,600,596,4,170,91,176,31,20,8,8,11,0,4,1,0,5,0,0,1,0,0,0,55,0,0,10,5
06,Steglitz-Zehlendorf,06B3G,B,3G,79,0,877,865,12,318,118,243,40,38,7,16,0,3,4,0,0,1,0,1,0,0,3,0,66,0,0,4,3
06,Steglitz-Zehlendorf,06B3H,B,3H,79,0,803,798,5,338,103,190,30,46,4,11,1,1,6,2,0,0,1,0,1,0,2,0,61,0,0,0,1
06,Steglitz-Zehlendorf,06B3I,B,3I,79,0,908,904,4,365,121,224,23,52,5,10,0,0,7,2,0,2,1,0,0,0,0,2,83,0,0,2,5
06,Steglitz-Zehlendorf,06B4A,B,4A,79,0,662,656,6,213,111,188,25,29,17,7,2,1,2,1,0,1,2,2,0,0,0,0,49,0,0,2,4
06,Steglitz-Zehlendorf,06B4B,B,4B,79,0,712,704,8,245,114,151,40,50,11,4,1,5,1,6,0,1,1,1,0,0,0,0,69,0,0,2,2
06,Steglitz-Zehlendorf,06B4C,B,4C,79,0,721,715,6,262,120,174,24,35,14,14,3,6,2,0,0,3,0,2,0,0,0,0,49,0,0,2,5
06,Steglitz-Zehlendorf,06B4D,B,4D,79,0,600,592,8,233,80,142,32,17,9,9,1,4,2,0,1,3,3,0,1,0,0,0,53,0,0,1,1
06,Steglitz-Zehlendorf,06B4E,B,4E,79,0,743,741,2,285,96,226,15,31,6,9,1,3,2,2,0,1,0,1,0,0,0,1,57,0,0,2,3
06,Steglitz-Zehlendorf,06B4F,B,4F,79,0,664,653,11,224,68,191,39,19,12,12,0,5,6,1,0,2,2,1,1,0,1,2,58,0,1,4,4
06,Steglitz-Zehlendorf,06B4G,B,4G,79,0,673,665,8,247,74,170,27,22,7,12,1,8,1,4,0,3,3,1,3,1,1,0,73,0,0,4,3
06,Steglitz-Zehlendorf,06B4H,B,4H,79,0,645,635,10,226,91,165,28,24,10,4,3,3,2,2,0,3,1,0,2,0,0,0,64,0,0,5,2
06,Steglitz-Zehlendorf,06B5A,B,5A,79,0,597,591,6,233,78,163,23,25,4,11,0,1,3,0,0,1,0,0,0,0,0,0,41,0,0,4,4
06,Steglitz-Zehlendorf,06B5B,B,5B,79,0,755,750,5,256,103,196,38,49,11,9,1,1,1,2,0,2,1,0,0,0,1,3,71,0,0,4,1
06,Steglitz-Zehlendorf,06B5C,B,5C,79,0,442,431,11,137,52,120,25,10,10,9,2,2,2,0,3,2,2,2,3,0,2,0,43,0,0,3,2
06,Steglitz-Zehlendorf,06B5D,B,5D,79,0,655,652,3,272,80,145,28,19,11,11,0,3,3,0,1,3,0,1,1,0,1,1,64,1,2,4,1
06,Steglitz-Zehlendorf,06B5E,B,5E,79,0,609,605,4,216,72,166,25,27,9,13,0,1,3,2,0,1,0,2,0,0,0,0,58,0,1,3,6
06,Steglitz-Zehlendorf,06B5F,B,5F,79,0,419,412,7,151,39,107,26,10,10,11,0,2,1,0,0,6,0,2,0,0,1,0,39,0,1,5,1
06,Steglitz-Zehlendorf,06B5G,B,5G,79,0,562,549,13,178,50,143,45,16,15,16,1,2,2,3,0,12,4,0,1,0,0,0,47,0,1,7,6
06,Steglitz-Zehlendorf,06B5H,B,5H,79,0,632,625,7,243,61,157,17,28,14,10,2,6,1,3,0,6,0,3,0,1,0,2,63,0,0,3,5
06,Steglitz-Zehlendorf,06B5I,B,5I,79,0,415,407,8,137,41,99,20,12,10,11,1,5,1,0,0,4,0,2,0,0,0,1,57,0,0,2,4
06,Steglitz-Zehlendorf,06B6A,B,6A,79,0,691,680,11,218,138,179,26,41,4,4,0,2,0,2,0,3,0,1,0,0,1,0,47,1,0,5,8
06,Steglitz-Zehlendorf,06B6B,B,6B,79,0,637,629,8,175,141,151,36,37,3,11,1,0,1,1,0,1,1,0,2,0,0,0,59,2,0,2,5
06,Steglitz-Zehlendorf,06B6C,B,6C,79,0,714,708,6,179,147,184,33,32,17,11,0,5,4,2,0,2,0,0,1,0,0,0,85,0,0,2,4
06,Steglitz-Zehlendorf,06B6D,B,6D,79,0,784,776,8,231,138,200,40,65,6,8,3,0,0,4,2,2,0,1,1,0,1,0,69,0,0,2,3
06,Steglitz-Zehlendorf,06B6E,B,6E,79,0,741,737,4,238,122,166,25,70,10,9,1,3,1,1,0,3,0,0,0,0,1,0,81,0,0,3,3
06,Steglitz-Zehlendorf,06B6F,B,6F,79,0,824,813,11,229,156,216,40,70,8,8,1,1,3,3,0,4,1,0,0,0,0,0,71,0,0,2,0
06,Steglitz-Zehlendorf,06B6G,B,6G,79,0,615,610,5,186,105,148,29,34,8,10,0,2,1,4,1,0,2,0,1,0,0,0,76,0,0,2,1
06,Steglitz-Zehlendorf,06B6H,B,6H,79,0,735,721,14,230,103,210,41,29,8,11,1,3,4,2,1,1,0,0,0,0,0,0,71,1,1,1,3
06,Steglitz-Zehlendorf,06B6I,B,6I,79,0,1114,1110,4,483,119,198,23,160,5,11,0,0,0,6,0,2,0,1,0,0,0,1,93,0,1,3,4
06,Steglitz-Zehlendorf,06B7A,B,7A,79,0,604,603,1,234,102,130,25,46,6,6,0,1,0,5,0,1,1,0,0,0,1,0,40,0,0,2,3
06,Steglitz-Zehlendorf,06B7B,B,7B,79,0,724,713,11,292,91,154,19,57,6,11,1,0,5,3,0,1,0,2,0,0,0,0,67,0,0,2,2
06,Steglitz-Zehlendorf,06B7C,B,7C,79,0,700,699,1,215,114,183,25,49,14,7,1,0,1,2,1,4,0,0,0,0,0,0,76,0,0,1,6
06,Steglitz-Zehlendorf,06B7D,B,7D,79,0,997,989,8,356,134,249,47,78,14,11,0,3,1,1,3,1,0,0,0,0,0,0,82,0,0,3,6
06,Steglitz-Zehlendorf,06B7E,B,7E,79,0,692,691,1,295,107,127,35,52,13,7,1,1,0,1,0,0,0,0,2,0,0,0,49,0,0,1,0
06,Steglitz-Zehlendorf,06B7F,B,7F,79,0,670,670,0,196,126,185,29,28,9,9,1,0,1,2,0,0,0,1,1,0,0,0,76,0,0,2,4
06,Steglitz-Zehlendorf,06B7G,B,7G,79,0,924,910,14,321,154,184,21,104,10,9,0,2,2,3,0,4,0,0,0,0,0,0,88,0,0,4,4
06,Steglitz-Zehlendorf,06B7H,B,7H,79,0,986,983,3,335,175,230,43,79,7,9,0,2,1,0,0,0,0,0,0,0,0,1,94,0,0,3,4
06,Steglitz-Zehlendorf,06B7I,B,7I,79,0,769,764,5,289,111,182,43,28,13,11,1,2,0,0,1,0,1,1,0,0,2,0,72,0,0,3,4
07,Tempelhof-Sch�neberg,07B1A,B,1A,81,0,649,642,7,159,114,161,57,36,18,7,4,2,2,2,1,2,0,1,0,0,0,0,62,0,1,5,8
07,Tempelhof-Sch�neberg,07B1B,B,1B,81,0,478,473,5,55,159,111,56,11,24,9,1,0,1,1,1,1,1,0,0,0,0,0,35,0,1,0,6
07,Tempelhof-Sch�neberg,07B1C,B,1C,81,0,628,625,3,79,227,164,64,13,16,6,0,1,4,1,0,3,0,0,1,0,0,2,31,0,2,3,8
07,Tempelhof-Sch�neberg,07B1D,B,1D,81,0,687,675,12,95,196,215,62,23,12,11,1,4,2,0,3,0,2,0,0,0,0,0,37,0,2,3,7
07,Tempelhof-Sch�neberg,07B1E,B,1E,81,0,736,734,2,150,191,171,71,48,16,5,5,2,1,2,0,1,0,0,0,0,2,1,57,0,0,2,9
07,Tempelhof-Sch�neberg,07B1F,B,1F,81,0,845,838,7,175,176,244,73,42,19,22,1,3,1,4,0,3,0,1,0,0,2,1,59,0,0,8,4
07,Tempelhof-Sch�neberg,07B1G,B,1G,81,0,617,615,2,138,166,142,62,29,18,9,0,2,2,1,1,1,0,1,0,1,1,0,37,0,1,1,2
07,Tempelhof-Sch�neberg,07B1H,B,1H,81,0,472,468,4,76,163,124,44,18,13,6,1,1,0,1,0,1,0,0,0,0,0,0,14,0,0,3,3
07,Tempelhof-Sch�neberg,07B2A,B,2A,81,0,840,837,3,125,255,240,98,33,15,18,0,4,2,0,0,2,0,0,0,0,1,0,41,0,0,0,3
07,Tempelhof-Sch�neberg,07B2B,B,2B,81,0,765,760,5,91,244,199,87,31,32,13,1,2,7,3,1,3,0,0,0,0,0,0,32,2,1,2,9
07,Tempelhof-Sch�neberg,07B2C,B,2C,81,0,534,528,6,49,197,120,80,9,24,4,0,1,2,0,0,1,0,1,0,0,0,0,25,1,0,4,10
07,Tempelhof-Sch�neberg,07B2D,B,2D,81,0,756,754,2,52,288,171,103,22,40,9,1,4,1,0,2,1,0,0,0,0,2,0,33,1,1,2,21
07,Tempelhof-Sch�neberg,07B2E,B,2E,81,0,578,574,4,47,238,132,63,21,27,5,2,1,0,2,1,0,1,0,0,0,0,0,14,0,0,1,19
07,Tempelhof-Sch�neberg,07B2F,B,2F,81,0,730,724,6,159,184,187,53,27,9,12,3,1,3,2,1,4,0,0,0,0,3,0,60,0,0,5,11
07,Tempelhof-Sch�neberg,07B2G,B,2G,81,0,704,699,5,94,236,165,88,23,25,16,1,3,1,3,0,2,0,0,1,1,1,1,30,0,0,1,7
07,Tempelhof-Sch�neberg,07B2H,B,2H,81,0,298,292,6,35,119,61,26,6,14,4,0,1,0,0,3,0,1,1,0,1,0,0,14,0,0,1,5
07,Tempelhof-Sch�neberg,07B3A,B,3A,81,0,713,704,9,157,205,176,44,26,17,10,0,0,4,0,0,3,0,0,0,0,0,0,48,0,0,1,13
07,Tempelhof-Sch�neberg,07B3B,B,3B,81,0,673,663,10,135,203,178,59,24,12,5,0,1,2,0,0,4,0,2,0,0,0,0,33,0,0,1,4
07,Tempelhof-Sch�neberg,07B3C,B,3C,81,0,782,774,8,151,195,231,62,35,13,15,0,2,4,1,3,4,1,0,0,0,1,0,46,0,1,1,8
07,Tempelhof-Sch�neberg,07B3D,B,3D,81,0,814,802,12,144,241,247,56,30,16,9,0,3,6,0,1,2,2,0,0,0,0,2,39,0,0,0,4
07,Tempelhof-Sch�neberg,07B3E,B,3E,81,0,751,742,9,140,196,214,70,32,11,5,0,2,1,4,0,3,0,1,0,0,0,0,55,0,1,0,7
07,Tempelhof-Sch�neberg,07B3F,B,3F,81,0,661,659,2,115,169,189,69,27,17,11,2,1,1,4,0,4,1,0,0,0,0,0,40,0,0,5,4
07,Tempelhof-Sch�neberg,07B3G,B,3G,81,0,653,650,3,125,190,179,48,19,14,5,0,4,1,4,0,1,0,0,0,0,2,0,57,0,0,0,1
07,Tempelhof-Sch�neberg,07B3H,B,3H,81,0,629,619,10,135,167,175,43,15,15,6,1,2,1,2,0,4,1,0,2,0,1,0,42,0,0,2,5
07,Tempelhof-Sch�neberg,07B4A,B,4A,81,0,572,551,21,98,158,133,59,13,25,12,0,2,1,2,1,6,0,1,0,0,2,2,23,0,0,6,7
07,Tempelhof-Sch�neberg,07B4B,B,4B,81,0,563,557,6,82,212,133,51,8,20,12,2,0,1,2,0,1,0,1,0,1,0,0,23,0,0,2,6
07,Tempelhof-Sch�neberg,07B4C,B,4C,81,0,682,673,9,195,149,142,58,19,21,12,1,1,4,0,0,4,0,0,0,0,0,0,48,0,0,4,15
07,Tempelhof-Sch�neberg,07B4D,B,4D,81,0,957,950,7,224,268,198,74,42,26,23,1,1,1,2,1,4,0,1,0,0,0,0,67,0,0,3,14
07,Tempelhof-Sch�neberg,07B4E,B,4E,81,0,546,539,7,154,99,125,57,13,11,14,1,3,3,2,0,1,1,2,0,1,1,0,43,0,0,2,6
07,Tempelhof-Sch�neberg,07B4F,B,4F,81,0,556,547,9,166,57,152,43,10,11,22,2,3,2,1,1,3,0,4,1,0,2,0,52,0,0,9,6
07,Tempelhof-Sch�neberg,07B4G,B,4G,81,0,734,725,9,186,134,200,66,19,13,16,1,5,1,1,1,5,0,2,0,0,0,0,58,3,0,2,12
07,Tempelhof-Sch�neberg,07B4H,B,4H,81,0,746,738,8,223,106,195,50,18,17,24,0,3,4,6,4,6,0,0,1,0,0,0,67,0,1,4,9
07,Tempelhof-Sch�neberg,07B5A,B,5A,81,0,818,806,12,286,91,205,46,20,16,21,2,5,5,2,1,2,1,1,3,0,0,1,78,1,1,7,11
07,Tempelhof-Sch�neberg,07B5B,B,5B,81,0,536,533,3,90,126,145,58,11,20,9,3,3,1,1,2,2,0,0,1,1,1,2,42,0,0,4,11
07,Tempelhof-Sch�neberg,07B5C,B,5C,81,0,691,687,4,147,152,175,66,22,28,15,0,5,2,4,1,9,1,0,0,0,0,1,49,2,0,1,7
07,Tempelhof-Sch�neberg,07B5D,B,5D,81,0,632,614,18,179,99,164,40,13,15,17,2,2,2,0,0,5,0,2,1,1,0,1,57,1,0,4,9
07,Tempelhof-Sch�neberg,07B5E,B,5E,81,0,546,537,9,169,94,134,47,13,13,11,0,2,1,2,1,2,2,0,1,0,0,1,32,0,0,10,2
07,Tempelhof-Sch�neberg,07B5F,B,5F,81,0,498,488,10,140,69,128,39,16,16,13,0,2,2,3,2,3,1,0,1,0,1,0,45,0,0,1,6
07,Tempelhof-Sch�neberg,07B5G,B,5G,81,0,510,506,4,170,58,147,24,15,14,9,6,3,2,1,0,3,0,1,0,1,2,1,41,0,0,6,2
07,Tempelhof-Sch�neberg,07B5H,B,5H,81,0,259,258,1,74,42,57,18,4,10,14,1,0,0,1,1,4,0,0,0,0,1,0,21,1,0,3,6
07,Tempelhof-Sch�neberg,07B6A,B,6A,81,0,589,579,10,187,56,176,28,19,14,14,1,1,4,1,0,4,3,3,0,0,0,0,56,0,0,8,4
07,Tempelhof-Sch�neberg,07B6B,B,6B,81,0,641,632,9,235,71,165,29,21,10,19,1,2,3,0,0,4,0,2,1,0,1,0,58,0,1,5,4
07,Tempelhof-Sch�neberg,07B6C,B,6C,81,0,619,605,14,207,74,161,30,21,8,15,2,5,3,1,0,4,0,2,0,0,0,0,61,0,1,5,5
07,Tempelhof-Sch�neberg,07B6D,B,6D,81,0,488,484,4,181,49,120,24,12,10,10,1,2,5,0,0,7,0,2,2,0,1,0,46,0,1,6,5
07,Tempelhof-Sch�neberg,07B6E,B,6E,81,0,674,665,9,266,59,195,26,26,4,9,3,5,1,0,0,0,7,1,1,0,2,0,52,0,1,4,3
07,Tempelhof-Sch�neberg,07B6F,B,6F,81,0,651,648,3,262,57,154,21,38,15,8,3,2,2,2,0,2,0,3,1,0,0,0,73,1,0,3,1
07,Tempelhof-Sch�neberg,07B6G,B,6G,81,0,604,598,6,253,70,141,30,19,9,10,1,5,2,6,3,1,0,1,0,1,0,0,41,0,1,2,2
07,Tempelhof-Sch�neberg,07B6H,B,6H,81,0,351,348,3,117,40,102,12,14,7,10,1,3,2,2,0,1,3,0,1,0,1,0,23,1,0,5,3
07,Tempelhof-Sch�neberg,07B7A,B,7A,81,0,535,528,7,220,34,139,23,15,9,6,0,4,3,0,1,4,0,3,1,1,1,0,54,0,0,7,3
07,Tempelhof-Sch�neberg,07B7B,B,7B,81,0,414,410,4,160,35,115,17,13,3,15,2,2,1,0,0,2,2,1,0,0,0,0,39,0,0,0,3
07,Tempelhof-Sch�neberg,07B7C,B,7C,81,0,336,327,9,127,15,84,23,7,9,5,3,3,1,0,0,6,0,1,0,0,0,0,32,0,0,8,3
07,Tempelhof-Sch�neberg,07B7D,B,7D,81,0,617,608,9,228,51,176,23,12,13,11,0,15,1,3,0,6,0,1,0,0,1,1,51,0,0,10,5
07,Tempelhof-Sch�neberg,07B7E,B,7E,81,0,492,484,8,200,36,128,25,21,8,4,3,1,3,1,0,3,6,1,0,0,0,0,36,0,1,3,4
07,Tempelhof-Sch�neberg,07B7F,B,7F,81,0,670,660,10,265,81,155,24,29,13,13,3,0,3,4,0,7,0,2,0,0,0,0,55,0,1,2,3
07,Tempelhof-Sch�neberg,07B7G,B,7G,81,0,681,676,5,277,67,166,45,24,7,11,0,2,3,1,1,2,2,0,1,0,0,0,61,0,0,5,1
07,Tempelhof-Sch�neberg,07B7H,B,7H,81,0,316,310,6,136,39,59,14,16,7,4,0,1,0,0,0,0,0,0,0,0,0,0,32,0,0,1,1
07,Tempelhof-Sch�neberg,07B8A,B,8A,81,0,710,704,6,280,94,155,29,26,9,9,1,7,2,1,0,2,1,3,0,0,0,0,72,0,0,6,7
07,Tempelhof-Sch�neberg,07B8B,B,8B,81,0,590,576,14,226,37,147,43,19,13,13,2,8,1,2,0,3,0,4,0,0,0,1,48,0,0,8,1
07,Tempelhof-Sch�neberg,07B8C,B,8C,81,0,629,620,9,250,57,148,34,25,6,7,2,4,3,0,0,3,0,0,2,2,3,0,64,1,0,5,4
07,Tempelhof-Sch�neberg,07B8D,B,8D,81,0,602,590,12,235,56,147,36,29,7,11,0,2,4,1,0,2,0,0,1,0,0,0,53,0,0,4,2
07,Tempelhof-Sch�neberg,07B8E,B,8E,81,0,556,549,7,237,47,154,24,18,3,5,0,1,2,1,0,1,1,1,0,0,0,0,45,0,0,9,0
07,Tempelhof-Sch�neberg,07B8F,B,8F,81,0,551,544,7,225,42,121,25,40,12,10,1,2,4,3,0,3,3,1,1,0,2,0,45,0,0,2,2
07,Tempelhof-Sch�neberg,07B8G,B,8G,81,0,612,602,10,219,81,128,41,30,10,16,4,4,4,3,0,4,0,3,0,0,1,0,48,0,0,4,2
07,Tempelhof-Sch�neberg,07B8H,B,8H,81,0,305,300,5,120,34,85,6,13,3,2,1,1,1,1,0,4,0,0,0,0,0,0,25,0,0,4,0
08,Neuk�lln,08B1A,B,1A,82,0,977,963,14,46,408,208,191,10,31,13,1,0,1,1,1,1,0,0,0,0,0,0,27,0,2,3,19
08,Neuk�lln,08B1B,B,1B,82,0,1002,991,11,74,403,158,199,12,54,17,0,0,2,5,5,6,0,0,0,2,0,1,14,2,0,3,34
08,Neuk�lln,08B1C,B,1C,82,0,1160,1139,21,141,357,238,216,7,56,15,2,1,3,6,6,5,0,1,0,0,1,0,40,0,0,4,40
08,Neuk�lln,08B1D,B,1D,82,0,791,779,12,128,208,158,151,6,37,11,3,3,2,3,1,3,0,0,1,2,1,1,35,0,0,1,24
08,Neuk�lln,08B1E,B,1E,82,0,839,825,14,135,247,155,158,15,27,16,0,3,2,3,1,2,1,1,1,0,0,1,34,1,2,3,17
08,Neuk�lln,08B1F,B,1F,82,0,772,753,19,73,237,118,154,4,48,16,1,5,4,5,5,9,0,1,0,0,0,0,25,0,2,6,40
08,Neuk�lln,08B2A,B,2A,82,0,1082,1073,9,64,406,198,209,17,61,13,1,1,1,4,3,11,0,1,1,2,1,1,36,0,2,1,39
08,Neuk�lln,08B2B,B,2B,82,0,1127,1115,12,114,387,186,228,6,66,17,3,1,2,4,4,1,4,2,1,3,0,0,39,0,1,4,42
08,Neuk�lln,08B2C,B,2C,82,0,925,908,17,91,305,166,161,14,60,14,1,5,3,2,4,8,1,1,1,1,0,1,32,0,3,1,33
08,Neuk�lln,08B2D,B,2D,82,0,1276,1252,24,121,434,205,254,21,70,11,5,4,2,2,8,4,0,2,0,0,1,1,52,0,2,4,49
08,Neuk�lln,08B2E,B,2E,82,0,1019,1005,14,78,357,164,224,15,44,17,2,1,3,3,6,7,0,0,0,1,2,0,32,1,2,2,44
08,Neuk�lln,08B3A,B,3A,82,0,737,724,13,145,112,180,121,25,25,20,7,8,2,3,1,7,0,0,0,0,0,0,46,0,0,6,16
08,Neuk�lln,08B3B,B,3B,82,0,829,817,12,177,124,199,135,17,20,17,2,6,1,2,4,3,1,2,1,1,0,0,66,2,0,11,26
08,Neuk�lln,08B3C,B,3C,82,0,580,560,20,168,59,166,52,9,16,16,2,0,3,0,1,3,1,0,1,1,0,2,44,0,2,10,4
08,Neuk�lln,08B3D,B,3D,82,0,471,461,10,134,58,134,49,10,7,14,1,0,1,1,1,4,0,0,0,1,1,0,29,1,0,10,5
08,Neuk�lln,08B3E,B,3E,82,0,796,766,30,188,118,261,62,14,9,16,3,5,0,4,2,4,0,2,1,0,0,0,62,1,0,11,3
08,Neuk�lln,08B4A,B,4A,82,0,610,596,14,193,75,150,26,28,21,24,0,3,4,0,0,3,0,0,0,1,2,0,56,0,2,7,1
08,Neuk�lln,08B4B,B,4B,82,0,461,454,7,117,55,135,40,9,13,17,0,0,0,0,0,9,3,1,1,0,1,0,43,1,0,9,0
08,Neuk�lln,08B4C,B,4C,82,0,520,512,8,184,36,127,27,13,13,16,0,8,4,0,0,2,1,0,2,0,0,0,60,0,0,17,2
08,Neuk�lln,08B4D,B,4D,82,0,525,522,3,196,42,147,28,11,7,8,3,3,3,0,1,4,0,0,0,0,1,0,57,2,0,6,3
08,Neuk�lln,08B4E,B,4E,82,0,632,616,16,235,48,161,39,9,15,21,6,4,1,0,0,2,0,0,1,1,1,0,61,0,2,8,1
08,Neuk�lln,08B4F,B,4F,82,0,672,667,5,244,77,177,29,32,17,15,1,5,5,0,0,4,0,0,2,0,1,0,53,0,1,2,2
08,Neuk�lln,08B4G,B,4G,82,0,559,550,9,217,35,159,22,16,5,13,6,1,6,0,1,8,0,1,0,0,0,0,53,0,0,6,1
08,Neuk�lln,08B4H,B,4H,82,0,633,614,19,238,44,166,27,19,10,17,1,1,2,2,0,8,3,0,1,0,2,0,60,1,1,7,4
08,Neuk�lln,08B5A,B,5A,82,0,813,754,59,283,57,219,42,24,9,5,0,2,2,2,1,6,0,2,0,0,1,1,88,0,0,6,4
08,Neuk�lln,08B5B,B,5B,82,0,795,765,30,301,53,212,31,17,9,14,0,4,3,5,0,3,0,1,0,0,0,0,96,1,0,14,1
08,Neuk�lln,08B5C,B,5C,82,0,577,572,5,181,47,182,28,22,10,14,2,3,3,0,0,4,0,2,0,0,0,0,57,0,0,16,1
08,Neuk�lln,08B5D,B,5D,82,0,623,612,11,226,17,196,27,16,12,11,2,3,0,1,0,4,0,1,0,0,1,0,77,1,0,14,3
08,Neuk�lln,08B5E,B,5E,82,0,643,628,15,200,41,213,31,18,13,8,2,3,3,2,2,5,0,1,0,0,0,0,62,0,0,24,0
08,Neuk�lln,08B5F,B,5F,82,0,799,781,18,309,42,231,26,30,10,10,1,2,2,2,4,4,0,1,0,0,0,0,85,1,1,18,2
08,Neuk�lln,08B5G,B,5G,82,0,627,618,9,203,60,185,15,37,4,11,2,3,1,1,0,0,0,0,0,0,0,0,86,0,0,9,1
08,Neuk�lln,08B6A,B,6A,82,0,558,537,21,193,29,176,23,10,5,13,3,5,0,2,0,10,0,0,1,0,1,0,57,1,0,4,4
08,Neuk�lln,08B6B,B,6B,82,0,658,647,11,257,40,185,20,28,9,7,2,2,1,2,0,3,0,0,2,2,0,0,74,0,1,12,0
08,Neuk�lln,08B6C,B,6C,82,0,620,585,35,261,39,125,24,17,12,15,1,2,4,2,0,2,2,0,0,0,3,0,64,0,0,11,1
08,Neuk�lln,08B6D,B,6D,82,0,541,531,10,201,45,135,18,14,6,10,2,3,5,1,3,4,4,1,0,0,0,0,62,0,0,12,5
08,Neuk�lln,08B6E,B,6E,82,0,862,855,7,312,83,229,38,25,19,13,2,3,3,4,0,5,2,0,0,1,0,0,88,1,0,15,12
08,Neuk�lln,08B6F,B,6F,82,0,676,662,14,250,40,201,31,21,8,19,1,2,2,0,0,0,1,2,0,0,3,0,68,0,0,9,4
08,Neuk�lln,08B6G,B,6G,82,0,434,427,7,160,28,103,21,11,4,8,2,8,2,0,2,2,0,0,0,0,0,0,61,1,0,11,3
09,Treptow-K�penick,09B1A,B,1A,84,0,890,864,26,80,235,176,198,10,56,14,2,1,2,1,7,3,1,0,0,0,1,0,48,0,2,3,24
09,Treptow-K�penick,09B1B,B,1B,84,0,1192,1179,13,133,235,230,328,28,54,23,0,8,3,1,1,5,2,0,3,0,0,0,84,0,5,11,25
09,Treptow-K�penick,09B1C,B,1C,84,0,707,695,12,79,67,130,275,13,25,13,0,8,3,4,4,7,0,2,0,1,0,0,48,0,0,6,10
09,Treptow-K�penick,09B1D,B,1D,84,0,820,800,20,105,83,198,233,7,19,14,1,6,0,2,1,3,0,3,0,1,1,2,99,0,4,9,9
09,Treptow-K�penick,09B1E,B,1E,84,0,922,887,35,183,110,215,210,11,24,24,3,9,8,0,0,5,0,3,0,0,1,0,67,0,0,3,11
09,Treptow-K�penick,09B2A,B,2A,84,0,868,854,14,136,92,189,266,13,17,14,1,3,3,5,2,14,1,0,0,0,0,0,89,0,0,4,5
09,Treptow-K�penick,09B2B,B,2B,84,0,787,781,6,120,41,205,228,8,23,16,3,9,4,1,6,7,0,1,0,0,0,0,86,1,1,17,4
09,Treptow-K�penick,09B2C,B,2C,84,0,563,558,5,77,56,123,166,10,24,8,2,6,2,0,4,0,0,1,0,0,1,2,53,0,1,14,8
09,Treptow-K�penick,09B2D,B,2D,84,0,404,398,6,58,60,78,94,6,19,13,2,5,3,3,3,4,0,0,0,0,0,0,39,0,0,7,4
09,Treptow-K�penick,09B2E,B,2E,84,0,556,548,8,69,61,112,178,11,19,11,0,5,2,1,2,2,4,0,0,0,0,0,55,2,1,5,8
09,Treptow-K�penick,09B2F,B,2F,84,0,836,826,10,120,42,174,349,9,13,7,5,7,2,0,3,3,0,0,0,1,2,2,68,1,0,13,5
09,Treptow-K�penick,09B3A,B,3A,84,0,914,895,19,141,90,219,259,10,18,16,2,11,7,4,9,0,0,0,1,1,0,0,75,1,2,19,10
09,Treptow-K�penick,09B3B,B,3B,84,0,668,661,7,109,74,156,159,12,29,11,2,7,3,2,0,3,2,0,1,1,0,1,49,0,0,25,15
09,Treptow-K�penick,09B3C,B,3C,84,0,798,788,10,163,79,173,191,8,17,17,1,8,5,0,1,7,0,1,4,0,0,0,97,0,0,7,9
09,Treptow-K�penick,09B3D,B,3D,84,0,504,502,2,87,32,112,135,7,15,17,4,5,1,3,3,1,0,0,2,1,0,0,59,0,0,10,8
09,Treptow-K�penick,09B3E,B,3E,84,0,556,551,5,100,29,112,168,15,16,10,1,7,7,0,10,10,1,0,0,0,0,0,54,0,1,8,2
09,Treptow-K�penick,09B4A,B,4A,84,0,916,908,8,160,68,188,269,24,22,8,8,8,10,3,3,7,0,1,0,1,1,1,104,0,2,12,8
09,Treptow-K�penick,09B4B,B,4B,84,0,690,680,10,104,47,193,194,6,9,4,3,5,2,2,1,3,1,0,0,0,0,0,78,1,5,16,6
09,Treptow-K�penick,09B4C,B,4C,84,0,711,702,9,107,81,170,209,12,17,11,1,2,10,3,3,2,0,1,0,2,0,1,55,0,0,8,7
09,Treptow-K�penick,09B4D,B,4D,84,0,703,699,4,119,69,175,216,13,13,11,1,2,2,2,10,3,0,1,0,0,0,2,43,0,1,11,5
09,Treptow-K�penick,09B4E,B,4E,84,0,982,967,15,213,77,213,234,27,33,20,4,5,2,0,4,2,0,1,1,1,0,2,108,1,0,10,9
09,Treptow-K�penick,09B5A,B,5A,84,0,658,649,9,79,68,141,216,18,16,3,1,7,2,4,1,0,1,0,0,2,0,0,62,0,0,21,7
09,Treptow-K�penick,09B5B,B,5B,84,0,709,704,5,77,46,149,258,10,17,5,0,7,3,5,7,4,0,1,0,0,0,2,86,4,0,20,3
09,Treptow-K�penick,09B5C,B,5C,84,0,604,601,3,103,50,123,182,9,21,11,0,5,3,0,0,2,0,0,0,0,0,1,61,1,1,17,11
09,Treptow-K�penick,09B5D,B,5D,84,0,758,753,5,163,56,190,232,15,13,9,1,3,1,2,1,2,0,0,0,0,0,0,45,0,1,11,8
09,Treptow-K�penick,09B5E,B,5E,84,0,598,592,6,116,48,112,155,14,24,6,1,7,3,0,0,5,0,1,0,0,0,0,81,1,2,10,6
09,Treptow-K�penick,09B6A,B,6A,84,0,857,837,20,116,159,186,211,16,47,9,0,4,1,1,2,6,0,1,0,1,0,1,72,0,0,1,3
09,Treptow-K�penick,09B6B,B,6B,84,0,883,874,9,131,81,209,284,12,23,11,2,2,4,2,3,5,0,0,3,1,0,0,82,0,4,7,8
09,Treptow-K�penick,09B6C,B,6C,84,0,844,833,11,122,94,207,250,16,11,15,3,3,0,4,5,3,0,1,1,0,0,2,79,0,1,7,9
09,Treptow-K�penick,09B6D,B,6D,84,0,767,755,12,117,56,199,236,8,16,16,1,6,2,2,5,5,0,2,0,2,1,0,77,0,0,0,4
09,Treptow-K�penick,09B6E,B,6E,84,0,1032,1024,8,198,110,202,274,22,37,14,1,2,1,3,3,6,1,0,2,0,1,2,121,0,0,10,14
10,Marzahn-Hellersdorf,10B1A,B,1A,85,0,513,511,2,58,16,87,206,1,19,20,6,1,8,2,2,3,0,0,0,1,0,0,60,0,0,19,2
10,Marzahn-Hellersdorf,10B1B,B,1B,85,0,514,509,5,48,23,83,241,4,9,5,3,7,2,0,4,5,1,0,0,0,0,0,54,0,0,16,4
10,Marzahn-Hellersdorf,10B1C,B,1C,85,0,423,418,5,54,20,69,181,5,5,8,1,4,1,1,4,5,0,0,0,1,0,1,44,0,0,12,2
10,Marzahn-Hellersdorf,10B1D,B,1D,85,0,382,379,3,48,18,92,124,5,13,5,3,4,1,1,5,4,2,1,1,0,0,1,35,0,0,13,3
10,Marzahn-Hellersdorf,10B2A,B,2A,85,0,478,470,8,61,20,116,176,3,9,8,1,6,3,2,1,3,0,2,0,3,0,0,45,0,1,6,4
10,Marzahn-Hellersdorf,10B2B,B,2B,85,0,484,479,5,57,19,95,195,4,17,7,5,4,0,0,3,5,0,1,0,1,0,0,48,0,1,14,3
10,Marzahn-Hellersdorf,10B2C,B,2C,85,0,572,566,6,91,16,128,230,6,10,3,1,4,2,2,6,3,0,1,0,0,0,0,52,0,0,6,5
10,Marzahn-Hellersdorf,10B2D,B,2D,85,0,445,438,7,55,24,94,179,8,4,8,1,6,2,0,7,5,0,1,1,0,0,1,27,1,0,11,3
10,Marzahn-Hellersdorf,10B2E,B,2E,85,0,612,603,9,97,23,126,241,9,6,8,2,6,0,1,4,6,0,1,1,0,0,0,58,0,3,8,3
10,Marzahn-Hellersdorf,10B2F,B,2F,85,0,473,471,2,73,18,112,172,2,8,4,8,4,1,1,3,3,0,0,0,0,3,0,42,0,0,12,5
10,Marzahn-Hellersdorf,10B3A,B,3A,85,0,557,550,7,82,26,104,206,7,15,9,4,5,4,0,6,3,0,0,0,0,1,1,56,1,1,13,6
10,Marzahn-Hellersdorf,10B3B,B,3B,85,0,456,449,7,65,26,68,183,8,13,10,0,4,2,1,0,1,0,1,1,1,0,1,40,1,0,19,4
10,Marzahn-Hellersdorf,10B3C,B,3C,85,0,371,360,11,58,13,48,143,3,15,11,1,5,2,0,2,4,0,0,1,2,0,0,40,0,0,10,2
10,Marzahn-Hellersdorf,10B3D,B,3D,85,0,548,539,9,58,30,91,238,4,9,9,2,8,1,3,6,4,0,0,1,0,0,1,56,0,1,12,5
10,Marzahn-Hellersdorf,10B4A,B,4A,85,0,495,487,8,61,23,110,189,4,7,17,2,5,1,3,6,3,0,0,0,1,0,2,44,1,1,7,0
10,Marzahn-Hellersdorf,10B4B,B,4B,85,0,618,615,3,92,22,121,270,5,12,6,0,4,1,3,9,3,0,1,2,1,0,1,48,0,0,11,3
10,Marzahn-Hellersdorf,10B4C,B,4C,85,0,552,550,2,105,43,134,164,12,9,5,2,4,2,1,1,6,2,0,0,0,0,0,51,0,0,6,3
10,Marzahn-Hellersdorf,10B4D,B,4D,85,0,543,535,8,84,31,114,203,5,11,8,1,3,2,0,6,1,1,0,0,1,0,1,54,0,1,8,0
10,Marzahn-Hellersdorf,10B4E,B,4E,85,0,606,597,9,111,46,129,183,16,11,13,0,3,2,1,2,3,0,3,0,0,1,1,62,0,0,6,4
10,Marzahn-Hellersdorf,10B4F,B,4F,85,0,506,504,2,106,51,120,118,14,12,12,0,2,0,3,1,2,0,2,0,0,0,0,58,0,0,1,2
10,Marzahn-Hellersdorf,10B4G,B,4G,85,0,515,514,1,101,36,103,142,11,15,9,1,2,0,4,10,4,0,1,0,0,0,0,57,0,1,10,7
10,Marzahn-Hellersdorf,10B5A,B,5A,85,0,542,539,3,141,45,112,117,15,14,10,2,4,4,2,2,5,0,0,1,0,0,1,58,0,0,3,3
10,Marzahn-Hellersdorf,10B5B,B,5B,85,0,454,447,7,109,43,81,90,11,14,8,1,3,3,0,2,3,0,0,0,0,1,0,66,0,1,7,4
10,Marzahn-Hellersdorf,10B5C,B,5C,85,0,704,700,4,160,55,139,163,20,16,13,0,5,1,3,3,3,2,0,1,1,0,0,103,2,0,9,1
10,Marzahn-Hellersdorf,10B5D,B,5D,85,0,655,650,5,134,47,125,183,13,15,12,2,11,5,3,3,5,0,2,1,0,0,0,81,0,1,6,1
10,Marzahn-Hellersdorf,10B5E,B,5E,85,0,757,746,11,143,75,165,170,16,14,9,0,7,1,0,3,3,1,0,0,0,0,0,106,0,22,8,3
10,Marzahn-Hellersdorf,10B5F,B,5F,85,0,520,508,12,121,47,113,118,11,14,6,0,7,4,2,4,2,0,0,0,1,0,0,43,2,2,4,7
10,Marzahn-Hellersdorf,10B5G,B,5G,85,0,482,477,5,99,30,106,126,10,12,10,2,1,3,11,2,3,0,2,0,0,0,0,47,0,3,3,7
10,Marzahn-Hellersdorf,10B6A,B,6A,85,0,532,528,4,56,35,103,178,8,19,16,2,9,7,0,4,7,2,1,0,0,0,0,50,0,0,25,6
10,Marzahn-Hellersdorf,10B6B,B,6B,85,0,457,452,5,83,19,84,177,7,6,6,1,7,2,2,0,4,1,0,0,0,0,0,39,0,0,10,4
10,Marzahn-Hellersdorf,10B6C,B,6C,85,0,515,510,5,66,31,103,229,6,8,8,1,2,0,1,1,4,0,0,1,1,0,0,37,0,3,6,2
10,Marzahn-Hellersdorf,10B6D,B,6D,85,0,651,648,3,122,63,133,177,15,20,11,2,5,2,2,5,5,0,0,0,0,1,0,67,0,0,13,5
10,Marzahn-Hellersdorf,10B6E,B,6E,85,0,449,444,5,66,28,70,155,3,11,8,2,3,1,2,7,3,1,0,2,1,0,0,52,0,1,24,4
11,Lichtenberg,11B1A,B,1A,86,0,389,384,5,68,15,83,134,8,9,6,0,5,0,2,2,0,0,0,0,0,0,0,40,1,0,8,3
11,Lichtenberg,11B1B,B,1B,86,0,500,491,9,70,17,90,200,5,10,6,6,3,2,6,0,4,0,1,0,0,0,0,61,0,0,9,1
11,Lichtenberg,11B1C,B,1C,86,0,492,486,6,73,29,81,193,6,8,14,3,7,1,0,2,2,2,0,0,0,0,0,50,1,0,8,6
11,Lichtenberg,11B1D,B,1D,86,0,415,410,5,48,14,71,181,1,10,12,3,5,3,2,4,1,0,0,0,0,0,1,40,0,0,7,7
11,Lichtenberg,11B1E,B,1E,86,0,390,385,5,69,28,61,136,3,12,7,1,5,1,0,2,2,0,0,0,0,0,0,45,0,2,10,1
11,Lichtenberg,11B2A,B,2A,86,0,572,567,5,75,30,98,242,5,11,7,7,8,6,2,8,4,0,0,0,1,1,3,48,0,1,9,1
11,Lichtenberg,11B2B,B,2B,86,0,587,580,7,139,37,100,176,6,15,10,3,3,2,2,6,2,0,2,1,1,0,1,55,0,1,11,7
11,Lichtenberg,11B2C,B,2C,86,0,758,755,3,98,30,110,352,8,13,12,0,6,2,3,10,10,0,1,0,1,0,0,78,2,1,11,7
11,Lichtenberg,11B2D,B,2D,86,0,749,738,11,107,59,144,279,21,16,5,4,2,0,0,5,1,0,0,0,1,0,0,74,1,2,10,7
11,Lichtenberg,11B2E,B,2E,86,0,558,547,11,72,39,105,217,4,16,10,1,0,1,1,2,1,0,2,1,0,0,1,55,0,1,10,8
11,Lichtenberg,11B3A,B,3A,86,0,581,575,6,73,27,159,202,8,11,13,0,0,3,2,3,3,0,0,1,2,0,0,53,1,0,10,4
11,Lichtenberg,11B3B,B,3B,86,0,609,602,7,65,44,113,255,14,13,4,1,9,1,0,2,3,0,0,2,0,0,0,61,0,2,7,6
11,Lichtenberg,11B3C,B,3C,86,0,690,682,8,86,39,146,271,6,9,13,2,2,2,2,9,5,0,0,0,0,0,2,66,0,0,17,5
11,Lichtenberg,11B3D,B,3D,86,0,683,674,9,98,35,147,274,7,8,7,3,8,0,1,11,6,0,1,1,1,0,0,43,0,3,11,9
11,Lichtenberg,11B3E,B,3E,86,0,604,592,12,86,45,121,238,4,16,10,0,4,2,1,2,3,0,0,0,1,0,0,49,1,1,6,2
11,Lichtenberg,11B4A,B,4A,86,0,763,753,10,97,43,162,301,9,18,12,1,6,2,4,9,5,0,0,0,0,0,1,70,0,0,8,5
11,Lichtenberg,11B4B,B,4B,86,0,720,714,6,95,43,182,278,11,12,8,3,3,1,1,4,6,0,1,0,0,0,0,60,0,0,6,0
11,Lichtenberg,11B4C,B,4C,86,0,808,797,11,100,124,158,261,9,30,15,1,4,1,1,2,4,0,1,0,1,1,0,64,1,2,6,11
11,Lichtenberg,11B4D,B,4D,86,0,664,656,8,80,70,132,231,9,25,12,2,7,1,4,3,8,1,1,0,1,0,0,47,0,1,8,13
11,Lichtenberg,11B4E,B,4E,86,0,506,495,11,59,33,122,190,2,8,9,1,6,1,0,7,6,0,1,0,0,0,0,42,0,1,2,5
11,Lichtenberg,11B4F,B,4F,86,0,492,486,6,44,48,87,204,4,24,6,2,2,4,4,5,8,0,1,0,0,0,0,29,0,0,11,3
11,Lichtenberg,11B5A,B,5A,86,0,775,765,10,75,182,148,192,15,45,12,2,4,6,1,3,5,1,1,1,0,1,0,39,1,0,9,22
11,Lichtenberg,11B5B,B,5B,86,0,846,834,12,122,96,158,259,16,35,25,0,4,5,5,2,6,0,2,0,1,0,7,65,0,2,6,18
11,Lichtenberg,11B5C,B,5C,86,0,691,678,13,104,64,145,211,15,26,5,1,4,3,2,1,7,0,0,0,1,0,0,56,1,1,21,10
11,Lichtenberg,11B5D,B,5D,86,0,720,712,8,89,26,151,307,4,6,20,2,3,1,1,8,7,1,1,0,2,0,0,63,0,1,11,8
11,Lichtenberg,11B5E,B,5E,86,0,489,488,1,80,23,97,167,11,14,16,3,4,2,0,4,4,0,0,1,3,0,1,44,0,0,12,2
11,Lichtenberg,11B6A,B,6A,86,0,867,852,15,145,171,204,193,17,31,8,0,2,1,2,3,5,2,0,1,0,0,1,54,0,1,3,8
11,Lichtenberg,11B6B,B,6B,86,0,799,794,5,109,34,174,348,7,18,7,3,6,6,1,9,3,0,0,0,0,0,0,65,1,1,2,0
11,Lichtenberg,11B6C,B,6C,86,0,711,704,7,69,40,147,303,2,16,10,1,6,1,0,22,2,0,0,0,0,0,0,67,0,0,9,9
11,Lichtenberg,11B6D,B,6D,86,0,1024,1006,18,137,127,215,308,27,29,16,1,4,2,4,6,8,1,1,0,2,1,0,93,1,5,5,13
11,Lichtenberg,11B6E,B,6E,86,0,995,967,28,161,121,212,327,20,25,10,0,0,2,1,4,3,2,2,0,0,0,1,64,0,1,5,6
12,Reinickendorf,12B1A,B,1A,77,0,499,491,8,153,58,144,33,19,14,13,3,4,2,1,0,3,0,0,1,0,0,0,39,0,0,3,1
12,Reinickendorf,12B1B,B,1B,77,0,480,471,9,140,45,144,42,7,13,9,3,3,3,1,0,1,1,0,0,0,0,0,50,0,0,7,2
12,Reinickendorf,12B1C,B,1C,77,0,459,452,7,155,35,129,34,7,2,20,0,1,2,1,0,2,2,0,0,0,1,0,52,0,0,1,8
12,Reinickendorf,12B1D,B,1D,77,0,384,382,2,123,31,107,20,12,7,13,5,1,4,1,1,2,0,0,3,0,0,1,39,1,0,10,1
12,Reinickendorf,12B1E,B,1E,77,0,492,484,8,126,49,132,49,15,19,16,4,1,1,4,1,2,0,0,1,0,0,0,60,1,0,3,0
12,Reinickendorf,12B1F,B,1F,77,0,447,445,2,124,37,140,44,6,17,10,3,2,4,1,1,3,1,0,0,1,0,1,40,0,0,5,5
12,Reinickendorf,12B2A,B,2A,77,0,501,490,11,163,39,137,21,19,12,6,2,4,4,4,0,4,0,3,0,0,1,0,58,2,0,11,0
12,Reinickendorf,12B2B,B,2B,77,0,502,497,5,173,68,139,22,17,7,12,0,4,1,0,0,2,0,0,0,0,0,0,48,0,0,3,1
12,Reinickendorf,12B2C,B,2C,77,0,477,468,9,148,44,120,36,14,12,11,10,2,1,2,0,4,2,0,0,0,0,0,53,2,1,6,0
12,Reinickendorf,12B2D,B,2D,77,0,346,338,8,107,32,99,20,7,7,12,1,0,1,1,0,2,1,0,0,0,0,0,43,0,0,5,0
12,Reinickendorf,12B2E,B,2E,77,0,417,405,12,156,28,115,20,8,5,11,1,8,0,3,0,4,0,0,0,0,0,0,42,0,1,3,0
12,Reinickendorf,12B2F,B,2F,77,0,396,394,2,130,28,99,39,13,7,10,1,2,2,0,1,0,0,0,1,0,0,1,55,0,0,3,2
12,Reinickendorf,12B2G,B,2G,77,0,392,391,1,152,27,103,24,8,4,7,4,2,10,1,0,3,0,0,0,0,0,0,44,1,0,0,1
12,Reinickendorf,12B2H,B,2H,77,0,470,461,9,132,51,126,36,11,9,15,2,3,1,2,1,5,3,3,1,0,0,0,48,1,0,9,2
12,Reinickendorf,12B3A,B,3A,77,0,558,547,11,196,51,174,20,24,9,11,1,3,2,4,0,3,1,0,0,0,1,0,41,0,0,3,3
12,Reinickendorf,12B3B,B,3B,77,0,496,483,13,175,61,118,16,28,8,8,1,1,1,1,0,1,2,0,1,0,0,0,59,0,0,0,2
12,Reinickendorf,12B3C,B,3C,77,0,461,454,7,185,69,110,19,11,8,9,0,2,0,0,2,0,0,0,0,0,0,0,38,0,0,0,1
12,Reinickendorf,12B3D,B,3D,77,0,665,656,9,222,96,197,13,27,13,8,0,5,2,1,0,2,1,0,1,0,1,0,60,1,1,1,4
12,Reinickendorf,12B3E,B,3E,77,0,520,516,4,197,65,133,29,25,8,5,1,1,3,0,0,1,0,1,0,0,2,0,39,0,0,2,4
12,Reinickendorf,12B3F,B,3F,77,0,747,741,6,230,124,213,40,31,13,3,0,1,6,3,1,0,1,3,0,1,0,0,63,0,0,2,6
12,Reinickendorf,12B3G,B,3G,77,0,388,379,9,138,45,93,26,13,11,4,0,1,0,1,1,1,0,0,1,0,0,0,37,1,0,6,0
12,Reinickendorf,12B3H,B,3H,77,0,324,320,4,87,35,95,23,12,14,8,1,5,1,1,1,3,1,0,0,0,1,0,30,0,0,0,2
12,Reinickendorf,12B3I,B,3I,77,0,596,593,3,227,82,135,19,39,7,12,2,3,0,1,0,2,0,0,0,0,2,0,57,0,0,1,4
12,Reinickendorf,12B4A,B,4A,77,0,404,397,7,145,67,99,10,21,7,6,0,1,2,0,0,2,0,0,0,0,0,0,32,0,0,2,3
12,Reinickendorf,12B4B,B,4B,77,0,533,529,4,175,53,152,26,16,4,12,0,3,3,2,0,4,1,2,3,0,0,0,59,0,0,10,4
12,Reinickendorf,12B4C,B,4C,77,0,393,387,6,102,67,130,26,8,4,6,0,3,5,0,0,2,1,0,0,0,1,0,28,0,0,3,1
12,Reinickendorf,12B4D,B,4D,77,0,481,466,15,160,48,118,27,29,9,9,1,3,3,3,3,1,0,1,1,1,2,1,38,0,0,8,0
12,Reinickendorf,12B4E,B,4E,77,0,594,582,12,176,64,145,49,19,14,21,1,3,1,0,2,3,2,0,0,0,2,1,70,0,0,6,3
12,Reinickendorf,12B4F,B,4F,77,0,582,572,10,183,70,163,23,21,5,16,1,3,2,1,0,2,1,0,2,0,0,0,66,0,1,11,1
12,Reinickendorf,12B4G,B,4G,77,0,442,435,7,159,43,115,15,8,7,8,2,0,1,2,0,1,0,2,0,0,2,1,61,0,0,5,3
12,Reinickendorf,12B4H,B,4H,77,0,602,592,10,196,65,159,30,23,13,13,1,1,2,3,1,5,0,0,0,3,0,3,63,0,0,7,4
12,Reinickendorf,12B4I,B,4I,77,0,377,367,10,142,27,100,11,5,7,10,3,8,0,1,2,1,0,1,1,0,0,0,42,0,0,6,0
12,Reinickendorf,12B5A,B,5A,77,0,460,455,5,156,63,135,26,10,5,8,3,1,1,0,0,3,2,0,3,0,1,0,30,2,0,1,5
12,Reinickendorf,12B5B,B,5B,77,0,485,479,6,191,27,135,29,13,2,10,1,1,1,2,1,4,0,1,0,0,1,1,52,0,0,4,3
12,Reinickendorf,12B5C,B,5C,77,0,454,443,11,148,28,136,23,16,5,18,4,3,0,0,0,2,0,1,1,2,0,0,45,0,0,7,4
12,Reinickendorf,12B5D,B,5D,77,0,599,585,14,237,22,162,34,15,8,13,4,1,2,0,0,5,0,0,1,0,2,0,64,1,0,11,3
12,Reinickendorf,12B5E,B,5E,77,0,430,419,11,168,30,97,24,7,7,13,2,1,5,5,0,4,1,1,0,0,0,0,49,0,0,3,2
12,Reinickendorf,12B6A,B,6A,77,0,485,476,9,201,48,127,16,21,5,4,0,1,2,1,0,2,0,1,1,0,0,0,42,0,0,2,2
12,Reinickendorf,12B6B,B,6B,77,0,659,650,9,274,82,142,11,49,9,6,1,2,0,0,1,2,0,4,0,0,0,0,60,0,0,4,3
12,Reinickendorf,12B6C,B,6C,77,0,548,542,6,221,54,145,18,32,4,5,0,0,1,2,0,1,0,1,0,0,0,1,55,0,0,1,1
12,Reinickendorf,12B6D,B,6D,77,0,555,551,4,233,66,132,13,28,4,7,1,1,1,1,1,2,0,0,0,0,0,0,60,0,0,0,1
12,Reinickendorf,12B6E,B,6E,77,0,464,460,4,187,53,81,22,48,9,4,0,0,0,1,0,2,0,0,0,0,0,0,48,0,0,4,1
12,Reinickendorf,12B6F,B,6F,77,0,504,498,6,197,69,117,25,34,6,5,2,0,0,1,0,0,1,3,0,0,0,0,33,0,0,3,2
12,Reinickendorf,12B6G,B,6G,77,0,654,649,5,250,81,173,25,29,6,8,3,2,2,0,0,3,0,1,1,0,0,0,61,0,1,1,2
12,Reinickendorf,12B6H,B,6H,77,0,609,606,3,195,115,154,27,42,8,4,0,2,5,1,0,0,0,0,0,2,1,0,46,0,0,4,0
12,Reinickendorf,12B6I,B,6I,77,0,590,584,6,224,82,159,23,32,8,4,1,1,2,1,2,1,0,2,0,0,0,0,37,0,0,4,1
12,Reinickendorf,12B6J,B,6J,77,0,581,577,4,221,69,158,26,25,7,8,0,3,1,1,1,1,0,0,0,0,0,0,50,0,0,5,1
